#VRML V2.0 utf8
DEF TXFM_1 Transform {
  center 0 0 0
  rotation 0 0 1 0
  scale 1 1 1
  scaleOrientation 0 0 1 0
  translation 0 0 0
 children [
DEF TXFM_2 Transform {
  center 0 0 0
  rotation 0 0 1 0
  scale 1 1 1
  scaleOrientation 0 0 1 0
  translation 0 0 0
 children [
DEF TXFM_3 Transform {
  center 0 0 0
  rotation 0 0 1 0
  scale 1 1 1
  scaleOrientation 0 0 1 0
  translation 0 0 0
 children [
DEF SHAPE_1 Shape {
 appearance DEF APP_1 Appearance {
  material Material {
   ambientIntensity 0.122244
   diffuseColor 0.824 0.81999999 0.78100002
   emissiveColor 0 0 0
   shininess 0.1
   specularColor 0.12 0.12 0.12
   transparency 0
} }
 geometry DEF FACE_1 IndexedFaceSet {
  coord DEF COORD_1 Coordinate { point [
  0.88582677 0 -0.7480315,0.88918053 -0.025474315 -0.7480315,
  0.89901325 -0.049212598 -0.7480315,0.91465484 -0.069597124 -0.7480315,
  0.93503937 -0.085238721 -0.7480315,0.95877765 -0.09507144 -0.7480315,
  0.98425197 -0.098425197 -0.7480315,1.0097263 -0.09507144 -0.7480315,
  1.0334646 -0.085238721 -0.7480315,1.0538491 -0.069597124 -0.7480315,
  1.0694907 -0.049212598 -0.7480315,1.0793234 -0.025474315 -0.7480315,
  1.0826772 0 -0.7480315,1.0793234 0.025474315 -0.7480315,
  1.0694907 0.049212598 -0.7480315,1.0538491 0.069597124 -0.7480315,
  1.0334646 0.085238721 -0.7480315,1.0097263 0.09507144 -0.7480315,
  0.98425197 0.098425197 -0.7480315,0.95877765 0.09507144 -0.7480315,
  0.93503937 0.085238721 -0.7480315,0.91465484 0.069597124 -0.7480315,
  0.89901325 0.049212598 -0.7480315,0.88918053 0.025474315 -0.7480315] }
 coordIndex [
  3,1,0,-1,3,2,1,-1,3,5,4,-1,3,6,5,-1,3,7,6,-1,3,8,7,-1,3,9,8,-1,3,10,9,-1,
  3,11,10,-1,3,12,11,-1,3,13,12,-1,3,14,13,-1,3,15,14,-1,3,16,15,-1,3,17,16,-1,3,18,17,-1,
  3,19,18,-1,3,20,19,-1,3,21,20,-1,3,22,21,-1,3,23,22,-1,3,0,23,-1]
  normalPerVertex TRUE
  normal DEF NORM_1 Normal { vector [
  0 0 -1,0 0 -1,
  0 0 -1,0 0 -1,
  0 0 -1,0 0 -1,
  0 0 -1,0 0 -1,
  0 0 -1,0 0 -1,
  0 0 -1,0 0 -1,
  0 0 -1,0 0 -1,
  0 0 -1,0 0 -1,
  0 0 -1,0 0 -1,
  0 0 -1,0 0 -1,
  0 0 -1,0 0 -1,
  0 0 -1,0 0 -1] }
}
}
DEF SHAPE_2 Shape {
 appearance USE APP_1
 geometry DEF FACE_2 IndexedFaceSet {
  coord DEF COORD_2 Coordinate { point [
  0.88582677 0 0.078740157,0.88918053 -0.025474315 0.078740157,
  0.89901325 -0.049212598 0.078740157,0.91465484 -0.069597124 0.078740157,
  0.93503937 -0.085238721 0.078740157,0.95877765 -0.09507144 0.078740157,
  0.98425197 -0.098425197 0.078740157,1.0097263 -0.09507144 0.078740157,
  1.0334646 -0.085238721 0.078740157,1.0538491 -0.069597124 0.078740157,
  1.0694907 -0.049212598 0.078740157,1.0793234 -0.025474315 0.078740157,
  1.0826772 0 0.078740157,1.0793234 0.025474315 0.078740157,
  1.0694907 0.049212598 0.078740157,1.0538491 0.069597124 0.078740157,
  1.0334646 0.085238721 0.078740157,1.0097263 0.09507144 0.078740157,
  0.98425197 0.098425197 0.078740157,0.95877765 0.09507144 0.078740157,
  0.93503937 0.085238721 0.078740157,0.91465484 0.069597124 0.078740157,
  0.89901325 0.049212598 0.078740157,0.88918053 0.025474315 0.078740157,
  0.88582677 0 0.078740157,0.88582677 0 -0.7480315,
  0.88918053 -0.025474315 -0.7480315,0.89901325 -0.049212598 -0.7480315,
  0.91465484 -0.069597124 -0.7480315,0.93503937 -0.085238721 -0.7480315,
  0.95877765 -0.09507144 -0.7480315,0.98425197 -0.098425197 -0.7480315,
  1.0097263 -0.09507144 -0.7480315,1.0334646 -0.085238721 -0.7480315,
  1.0538491 -0.069597124 -0.7480315,1.0694907 -0.049212598 -0.7480315,
  1.0793234 -0.025474315 -0.7480315,1.0826772 0 -0.7480315,
  1.0793234 0.025474315 -0.7480315,1.0694907 0.049212598 -0.7480315,
  1.0538491 0.069597124 -0.7480315,1.0334646 0.085238721 -0.7480315,
  1.0097263 0.09507144 -0.7480315,0.98425197 0.098425197 -0.7480315,
  0.95877765 0.09507144 -0.7480315,0.93503937 0.085238721 -0.7480315,
  0.91465484 0.069597124 -0.7480315,0.89901325 0.049212598 -0.7480315,
  0.88918053 0.025474315 -0.7480315,0.88582677 0 -0.7480315] }
 coordIndex [
  1,0,25,-1,1,25,26,-1,2,26,27,-1,2,1,26,-1,3,27,28,-1,3,2,27,-1,4,28,29,-1,4,29,30,-1,
  4,3,28,-1,5,4,30,-1,6,30,31,-1,6,31,32,-1,6,5,30,-1,7,6,32,-1,8,32,33,-1,8,33,34,-1,
  8,7,32,-1,9,34,35,-1,9,8,34,-1,10,35,36,-1,10,9,35,-1,11,10,36,-1,12,11,36,-1,12,36,37,-1,
  13,12,37,-1,13,37,38,-1,14,13,38,-1,14,38,39,-1,15,14,39,-1,15,39,40,-1,16,15,40,-1,16,40,41,-1,
  17,16,41,-1,17,41,42,-1,18,17,42,-1,18,42,43,-1,19,18,43,-1,19,43,44,-1,20,19,44,-1,20,44,45,-1,
  21,20,45,-1,21,45,46,-1,22,21,46,-1,22,46,47,-1,22,47,48,-1,23,22,48,-1,24,23,48,-1,24,48,49,-1]
  normalPerVertex TRUE
  normal DEF NORM_2 Normal { vector [
  -0.99144486 -0.13052619 0,-0.9763442 -0.21622209 0,
  -0.88711369 -0.46155098 0,-0.73742784 -0.67542593 0,
  -0.5 -0.8660254 0,-0.25881905 -0.96592583 0,
  0 -1 0,0.25881905 -0.96592583 0,
  0.5 -0.8660254 0,0.73742784 -0.67542593 0,
  0.88711369 -0.46155098 0,0.96592583 -0.25881905 0,
  0.99903848 -0.04384197 0,0.9763442 0.21622209 0,
  0.88711369 0.46155098 0,0.73742784 0.67542593 0,
  0.5374875 0.84327172 0,0.30091828 0.95364993 0,
  0.04384197 0.99903848 0,-0.21622209 0.9763442 0,
  -0.46155098 0.88711369 0,-0.67542593 0.73742784 0,
  -0.8660254 0.5 0,-0.96592583 0.25881905 0,
  -0.99144486 0.13052619 0,-0.99144486 -0.13052619 0,
  -0.95364993 -0.30091828 0,-0.84327172 -0.5374875 0,
  -0.67542593 -0.73742784 0,-0.5 -0.8660254 0,
  -0.25881905 -0.96592583 0,0 -1 0,
  0.25881905 -0.96592583 0,0.5 -0.8660254 0,
  0.67542593 -0.73742784 0,0.84327172 -0.5374875 0,
  0.96592583 -0.25881905 0,0.99903848 0.04384197 0,
  0.95364993 0.30091828 0,0.84327172 0.5374875 0,
  0.67542593 0.73742784 0,0.46155098 0.88711369 0,
  0.21622209 0.9763442 0,-0.04384197 0.99903848 0,
  -0.30091828 0.95364993 0,-0.5374875 0.84327172 0,
  -0.73742784 0.67542593 0,-0.8660254 0.5 0,
  -0.96592583 0.25881905 0,-0.99144486 0.13052619 0] }
}
}
DEF SHAPE_3 Shape {
 appearance DEF APP_2 Appearance {
  material Material {
   ambientIntensity 0.27093142
   diffuseColor 0.13699999 0.40200001 0.727
   emissiveColor 0 0 0
   shininess 0.1
   specularColor 0.12 0.12 0.12
   transparency 0
} }
 geometry DEF FACE_3 IndexedFaceSet {
  coord DEF COORD_3 Coordinate { point [
  -0.37598425 0 0.078740157,-0.34901841 -0.2146893 0.078740157,
  -0.26979613 -0.41604095 0.078740157,-0.14323914 -0.59154589 0.078740157,
  0.022790157 -0.7303008 0.078740157,0.21797713 -0.82368549 0.078740157,
  0.43019571 -0.86589839 0.078740157,0.64626173 -0.85431701 0.078740157,
  0.85275201 -0.78966085 0.078740157,1.0368383 -0.67594669 0.078740157,
  1.187084 -0.52023908 0.078740157,1.2941553 -0.3322114 0.078740157,
  1.3435557 -0.16935991 0.078740157,1.3602362 0 0.078740157,
  1.3435557 0.16935991 0.078740157,1.2941553 0.3322114 0.078740157,
  1.187084 0.52023908 0.078740157,1.0368383 0.67594669 0.078740157,
  0.85275201 0.78966085 0.078740157,0.64626173 0.85431701 0.078740157,
  0.43019571 0.86589839 0.078740157,0.21797713 0.82368549 0.078740157,
  0.022790157 0.7303008 0.078740157,-0.14323914 0.59154589 0.078740157,
  -0.26979613 0.41604095 0.078740157,-0.34901841 0.2146893 0.078740157,
  0.88582677 0 0.078740157,0.88918053 -0.025474315 0.078740157,
  0.89901325 -0.049212598 0.078740157,0.91465484 -0.069597124 0.078740157,
  0.93503937 -0.085238721 0.078740157,0.95877765 -0.09507144 0.078740157,
  0.98425197 -0.098425197 0.078740157,1.0097263 -0.09507144 0.078740157,
  1.0334646 -0.085238721 0.078740157,1.0538491 -0.069597124 0.078740157,
  1.0694907 -0.049212598 0.078740157,1.0793234 -0.025474315 0.078740157,
  1.0826772 0 0.078740157,1.0793234 0.025474315 0.078740157,
  1.0694907 0.049212598 0.078740157,1.0538491 0.069597124 0.078740157,
  1.0334646 0.085238721 0.078740157,1.0097263 0.09507144 0.078740157,
  0.98425197 0.098425197 0.078740157,0.95877765 0.09507144 0.078740157,
  0.93503937 0.085238721 0.078740157,0.91465484 0.069597124 0.078740157,
  0.89901325 0.049212598 0.078740157,0.88918053 0.025474315 0.078740157,
  -0.098425197 0 0.078740157,-0.09507144 -0.025474315 0.078740157,
  -0.085238721 -0.049212598 0.078740157,-0.069597124 -0.069597124 0.078740157,
  -0.049212598 -0.085238721 0.078740157,-0.025474315 -0.09507144 0.078740157,
  0 -0.098425197 0.078740157,0.025474315 -0.09507144 0.078740157,
  0.049212598 -0.085238721 0.078740157,0.069597124 -0.069597124 0.078740157,
  0.085238721 -0.049212598 0.078740157,0.09507144 -0.025474315 0.078740157,
  0.098425197 0 0.078740157,0.09507144 0.025474315 0.078740157,
  0.085238721 0.049212598 0.078740157,0.069597124 0.069597124 0.078740157,
  0.049212598 0.085238721 0.078740157,0.025474315 0.09507144 0.078740157,
  0 0.098425197 0.078740157,-0.025474315 0.09507144 0.078740157,
  -0.049212598 0.085238721 0.078740157,-0.069597124 0.069597124 0.078740157,
  -0.085238721 0.049212598 0.078740157,-0.09507144 0.025474315 0.078740157] }
 coordIndex [
  41,15,14,-1,40,41,14,-1,42,15,41,-1,39,14,13,-1,39,40,14,-1,43,16,15,-1,43,15,42,-1,38,39,13,-1,
  44,16,43,-1,45,17,16,-1,45,16,44,-1,37,38,13,-1,37,13,12,-1,46,17,45,-1,46,18,17,-1,36,37,12,-1,
  47,18,46,-1,47,19,18,-1,47,20,19,-1,35,36,12,-1,11,35,12,-1,48,20,47,-1,34,35,11,-1,33,34,11,-1,
  10,31,32,-1,10,32,33,-1,10,33,11,-1,9,30,31,-1,9,31,10,-1,65,21,20,-1,64,20,48,-1,64,65,20,-1,
  66,22,21,-1,66,21,65,-1,63,48,49,-1,63,64,48,-1,67,23,22,-1,67,22,66,-1,62,63,49,-1,62,49,26,-1,
  68,24,23,-1,68,23,67,-1,69,24,68,-1,61,26,27,-1,61,62,26,-1,8,29,30,-1,8,30,9,-1,70,24,69,-1,
  60,27,28,-1,60,61,27,-1,25,70,71,-1,25,71,72,-1,25,24,70,-1,25,72,73,-1,7,29,8,-1,0,25,73,-1,
  0,50,51,-1,0,73,50,-1,6,28,29,-1,6,59,60,-1,6,60,28,-1,6,29,7,-1,1,0,51,-1,1,51,52,-1,
  1,52,53,-1,1,53,54,-1,5,59,6,-1,5,58,59,-1,2,1,54,-1,2,54,55,-1,2,55,56,-1,4,58,5,-1,
  4,57,58,-1,3,2,56,-1,3,57,4,-1,3,56,57,-1]
  normalPerVertex TRUE
  normal DEF NORM_3 Normal { vector [
  0 0 -1,0 0 -1,
  0 0 -1,0 0 -1,
  0 0 -1,0 0 -1,
  0 0 -1,0 0 -1,
  0 0 -1,0 0 -1,
  0 0 -1,0 0 -1,
  0 0 -1,0 0 -1,
  0 0 -1,0 0 -1,
  0 0 -1,0 0 -1,
  0 0 -1,0 0 -1,
  0 0 -1,0 0 -1,
  0 0 -1,0 0 -1,
  0 0 -1,0 0 -1,
  0 0 -1,0 0 -1,
  0 0 -1,0 0 -1,
  0 0 -1,0 0 -1,
  0 0 -1,0 0 -1,
  0 0 -1,0 0 -1,
  0 0 -1,0 0 -1,
  0 0 -1,0 0 -1,
  0 0 -1,0 0 -1,
  0 0 -1,0 0 -1,
  0 0 -1,0 0 -1,
  0 0 -1,0 0 -1,
  0 0 -1,0 0 -1,
  0 0 -1,0 0 -1,
  0 0 -1,0 0 -1,
  0 0 -1,0 0 -1,
  0 0 -1,0 0 -1,
  0 0 -1,0 0 -1,
  0 0 -1,0 0 -1,
  0 0 -1,0 0 -1,
  0 0 -1,0 0 -1,
  0 0 -1,0 0 -1,
  0 0 -1,0 0 -1,
  0 0 -1,0 0 -1,
  0 0 -1,0 0 -1] }
}
}
DEF SHAPE_4 Shape {
 appearance USE APP_2
 geometry DEF FACE_4 IndexedFaceSet {
  coord DEF COORD_4 Coordinate { point [
  1.2941553 -0.3322114 0.078740157,1.2941553 -0.3322114 0,
  -0.37598425 0 0.078740157,-0.34901841 -0.2146893 0.078740157,
  -0.26979613 -0.41604095 0.078740157,-0.14323914 -0.59154589 0.078740157,
  0.022790157 -0.7303008 0.078740157,0.21797713 -0.82368549 0.078740157,
  0.43019571 -0.86589839 0.078740157,0.64626173 -0.85431701 0.078740157,
  0.85275201 -0.78966085 0.078740157,1.0368383 -0.67594669 0.078740157,
  1.187084 -0.52023908 0.078740157,1.2941553 0.3322114 0.078740157,
  1.187084 0.52023908 0.078740157,1.0368383 0.67594669 0.078740157,
  0.85275201 0.78966085 0.078740157,0.64626173 0.85431701 0.078740157,
  0.43019571 0.86589839 0.078740157,0.21797713 0.82368549 0.078740157,
  0.022790157 0.7303008 0.078740157,-0.14323914 0.59154589 0.078740157,
  -0.26979613 0.41604095 0.078740157,-0.34901841 0.2146893 0.078740157,
  1.2941553 0.3322114 0,1.1808441 -0.52847203 0,
  1.020598 -0.68871816 0,0.82433739 -0.80202928 0,
  0.60543711 -0.86068343 0,0.37881486 -0.86068343 0,
  0.15991458 -0.80202928 0,-0.036346044 -0.68871816 0,
  -0.19659217 -0.52847203 0,-0.30990329 -0.3322114 0,
  -0.36855745 -0.11331112 0,-0.36855745 0.11331112 0,
  -0.30990329 0.3322114 0,-0.19659217 0.52847203 0,
  -0.036346044 0.68871816 0,0.15991458 0.80202928 0,
  0.37881486 0.86068343 0,0.60543711 0.86068343 0,
  0.82433739 0.80202928 0,1.020598 0.68871816 0,
  1.1808441 0.52847203 0] }
 coordIndex [
  1,12,0,-1,25,11,12,-1,25,12,1,-1,26,10,11,-1,26,11,25,-1,27,9,10,-1,27,10,26,-1,28,8,9,-1,
  28,9,27,-1,29,7,8,-1,29,8,28,-1,30,6,7,-1,30,7,29,-1,31,5,6,-1,31,6,30,-1,32,4,5,-1,
  32,5,31,-1,33,3,4,-1,33,4,32,-1,34,2,3,-1,34,3,33,-1,35,23,2,-1,35,2,34,-1,36,22,23,-1,
  36,23,35,-1,37,22,36,-1,37,21,22,-1,38,21,37,-1,38,20,21,-1,39,20,38,-1,39,19,20,-1,40,19,39,-1,
  40,18,19,-1,41,17,18,-1,41,18,40,-1,42,16,17,-1,42,17,41,-1,43,15,16,-1,43,16,42,-1,44,14,15,-1,
  44,15,43,-1,24,13,14,-1,24,14,44,-1]
  normalPerVertex TRUE
  normal DEF NORM_4 Normal { vector [
  -0.86898505 0.49483834 0,-0.86744449 0.49746366 0.0083639928,
  0.99971241 0 -0.023981188,0.96763974 0.25121685 -0.0237365,
  0.87347792 0.48632008 -0.0230024,0.72326399 0.69022814 -0.021778777,
  0.5266299 0.84985783 -0.020065454,0.29618637 0.95496313 -0.017862205,
  0.046715878 0.99879304 -0.015168769,-0.20577395 0.97852616 -0.011984875,
  -0.44507635 0.89545406 -0.0083102711,-0.6558253 0.75490132 -0.0041447606,
  -0.82448282 0.56588675 0.00051176068,-0.86898505 -0.49483834 0,
  -0.82448282 -0.56588675 0.00051176068,-0.6558253 -0.75490132 -0.0041447606,
  -0.44507635 -0.89545406 -0.0083102711,-0.20577395 -0.97852616 -0.011984875,
  0.046715878 -0.99879304 -0.015168769,0.29618637 -0.95496313 -0.017862205,
  0.5266299 -0.84985783 -0.020065454,0.72326399 -0.69022814 -0.021778777,
  0.87347792 -0.48632008 -0.0230024,0.96763974 -0.25121685 -0.0237365,
  -0.86744449 -0.49746366 0.0083639928,-0.77041944 0.63744033 0.011122141,
  -0.58229076 0.81282092 0.016112827,-0.35566019 0.93438944 0.020547431,
  -0.10553723 0.99411531 0.02442629,0.15152331 0.98806408 0.027749834,
  0.39851679 0.91665314 0.03051853,0.61911215 0.78462011 0.032732835,
  0.79872935 0.6007067 0.034393163,0.92550035 0.37707938 0.03549985,
  0.9910507 0.12852505 0.036053132,0.9910507 -0.12852505 0.036053132,
  0.92550035 -0.37707938 0.03549985,0.79872935 -0.6007067 0.034393163,
  0.61911215 -0.78462011 0.032732835,0.39851679 -0.91665314 0.03051853,
  0.15152331 -0.98806408 0.027749834,-0.10553723 -0.99411531 0.02442629,
  -0.35566019 -0.93438944 0.020547431,-0.58229076 -0.81282092 0.016112827,
  -0.77041944 -0.63744033 0.011122141] }
}
}
DEF SHAPE_5 Shape {
 appearance DEF APP_3 Appearance {
  material Material {
   ambientIntensity 0.15038072
   diffuseColor 0.69099998 0.66399997 0.59799999
   emissiveColor 0 0 0
   shininess 0.1
   specularColor 0.12 0.12 0.12
   transparency 0
} }
 geometry DEF FACE_5 IndexedFaceSet {
  coord DEF COORD_5 Coordinate { point [
  1.2941553 0.3322114 0.078740157,1.2941553 0.3322114 0,
  1.2941553 -0.3322114 0.078740157,1.3435557 -0.16935991 0.078740157,
  1.3602362 0 0.078740157,1.3435557 0.16935991 0.078740157,
  1.2941553 -0.3322114 0,1.3435557 0.16935991 0,
  1.3602362 0 0,1.3435557 -0.16935991 0] }
 coordIndex [
  1,5,0,-1,7,4,5,-1,7,5,1,-1,8,3,4,-1,8,4,7,-1,9,2,3,-1,9,3,8,-1,6,2,9,-1]
  normalPerVertex TRUE
  normal DEF NORM_5 Normal { vector [
  -0.95694034 -0.29028468 0,-0.95694034 -0.29028468 0,
  -0.95694034 0.29028468 0,-0.9866586 0.16280297 0,
  -0.99946152 -0.032812789 0,-0.97385569 -0.22716757 0,
  -0.95694034 0.29028468 0,-0.9866586 -0.16280297 0,
  -0.99946152 0.032812789 0,-0.97385569 0.22716757 0] }
}
}
DEF SHAPE_6 Shape {
 appearance USE APP_1
 geometry DEF FACE_6 IndexedFaceSet {
  coord DEF COORD_6 Coordinate { point [
  -0.098425197 0 0.078740157,-0.09507144 -0.025474315 0.078740157,
  -0.085238721 -0.049212598 0.078740157,-0.069597124 -0.069597124 0.078740157,
  -0.049212598 -0.085238721 0.078740157,-0.025474315 -0.09507144 0.078740157,
  0 -0.098425197 0.078740157,0.025474315 -0.09507144 0.078740157,
  0.049212598 -0.085238721 0.078740157,0.069597124 -0.069597124 0.078740157,
  0.085238721 -0.049212598 0.078740157,0.09507144 -0.025474315 0.078740157,
  0.098425197 0 0.078740157,0.09507144 0.025474315 0.078740157,
  0.085238721 0.049212598 0.078740157,0.069597124 0.069597124 0.078740157,
  0.049212598 0.085238721 0.078740157,0.025474315 0.09507144 0.078740157,
  0 0.098425197 0.078740157,-0.025474315 0.09507144 0.078740157,
  -0.049212598 0.085238721 0.078740157,-0.069597124 0.069597124 0.078740157,
  -0.085238721 0.049212598 0.078740157,-0.09507144 0.025474315 0.078740157,
  -0.098425197 0 0.078740157,-0.098425197 0 -0.78740157,
  -0.09507144 -0.025474315 -0.78740157,-0.085238721 -0.049212598 -0.78740157,
  -0.069597124 -0.069597124 -0.78740157,-0.049212598 -0.085238721 -0.78740157,
  -0.025474315 -0.09507144 -0.78740157,0 -0.098425197 -0.78740157,
  0.025474315 -0.09507144 -0.78740157,0.049212598 -0.085238721 -0.78740157,
  0.069597124 -0.069597124 -0.78740157,0.085238721 -0.049212598 -0.78740157,
  0.09507144 -0.025474315 -0.78740157,0.098425197 0 -0.78740157,
  0.09507144 0.025474315 -0.78740157,0.085238721 0.049212598 -0.78740157,
  0.069597124 0.069597124 -0.78740157,0.049212598 0.085238721 -0.78740157,
  0.025474315 0.09507144 -0.78740157,0 0.098425197 -0.78740157,
  -0.025474315 0.09507144 -0.78740157,-0.049212598 0.085238721 -0.78740157,
  -0.069597124 0.069597124 -0.78740157,-0.085238721 0.049212598 -0.78740157,
  -0.09507144 0.025474315 -0.78740157,-0.098425197 0 -0.78740157] }
 coordIndex [
  1,0,25,-1,1,25,26,-1,2,26,27,-1,2,1,26,-1,3,27,28,-1,3,2,27,-1,4,28,29,-1,4,3,28,-1,
  5,29,30,-1,5,4,29,-1,6,30,31,-1,6,5,30,-1,7,31,32,-1,7,6,31,-1,8,32,33,-1,8,7,32,-1,
  9,33,34,-1,9,8,33,-1,10,34,35,-1,10,9,34,-1,11,35,36,-1,11,10,35,-1,12,11,36,-1,12,36,37,-1,
  13,12,37,-1,13,37,38,-1,14,13,38,-1,14,38,39,-1,15,14,39,-1,15,39,40,-1,15,40,41,-1,16,15,41,-1,
  17,16,41,-1,17,41,42,-1,18,17,42,-1,18,42,43,-1,18,43,44,-1,19,18,44,-1,19,44,45,-1,20,19,45,-1,
  21,20,45,-1,21,45,46,-1,22,21,46,-1,22,46,47,-1,23,22,47,-1,23,47,48,-1,24,23,48,-1,24,48,49,-1]
  normalPerVertex TRUE
  normal DEF NORM_6 Normal { vector [
  -0.99144486 -0.13052619 0,-0.9763442 -0.21622209 0,
  -0.88711369 -0.46155098 0,-0.73742784 -0.67542593 0,
  -0.5374875 -0.84327172 0,-0.30091828 -0.95364993 0,
  -0.04384197 -0.99903848 0,0.21622209 -0.9763442 0,
  0.46155098 -0.88711369 0,0.67542593 -0.73742784 0,
  0.84327172 -0.5374875 0,0.95364993 -0.30091828 0,
  0.99903848 -0.04384197 0,0.9763442 0.21622209 0,
  0.88711369 0.46155098 0,0.70710678 0.70710678 0,
  0.5 0.8660254 0,0.30091828 0.95364993 0,
  0 1 0,-0.30091828 0.95364993 0,
  -0.5 0.8660254 0,-0.67542593 0.73742784 0,
  -0.84327172 0.5374875 0,-0.95364993 0.30091828 0,
  -0.99144486 0.13052619 0,-0.99144486 -0.13052619 0,
  -0.95364993 -0.30091828 0,-0.84327172 -0.5374875 0,
  -0.67542593 -0.73742784 0,-0.46155098 -0.88711369 0,
  -0.21622209 -0.9763442 0,0.04384197 -0.99903848 0,
  0.30091828 -0.95364993 0,0.5374875 -0.84327172 0,
  0.73742784 -0.67542593 0,0.88711369 -0.46155098 0,
  0.9763442 -0.21622209 0,0.99903848 0.04384197 0,
  0.95364993 0.30091828 0,0.84327172 0.5374875 0,
  0.70710678 0.70710678 0,0.5 0.8660254 0,
  0.21622209 0.9763442 0,0 1 0,
  -0.21622209 0.9763442 0,-0.5 0.8660254 0,
  -0.73742784 0.67542593 0,-0.88711369 0.46155098 0,
  -0.9763442 0.21622209 0,-0.99144486 0.13052619 0] }
}
}
DEF SHAPE_7 Shape {
 appearance USE APP_2
 geometry DEF FACE_7 IndexedFaceSet {
  coord DEF COORD_7 Coordinate { point [
  1.2941553 -0.3322114 0,1.5651357 -0.44445517 0,
  1.4135403 -0.70702607 0,1.1991521 -0.92141431 0,
  0.93658115 -1.0730097 0,0.64372136 -1.1514812 0,
  0.3405306 -1.1514812 0,0.047670817 -1.0730097 0,
  -0.21490008 -0.92141431 0,-0.42928833 -0.70702607 0,
  -0.58088371 -0.44445517 0,-0.65935525 -0.15159538 0,
  -0.65935525 0.15159538 0,-0.58088371 0.44445517 0,
  -0.42928833 0.70702607 0,-0.21490008 0.92141431 0,
  0.047670817 1.0730097 0,0.3405306 1.1514812 0,
  0.64372136 1.1514812 0,0.93658115 1.0730097 0,
  1.1991521 0.92141431 0,1.4135403 0.70702607 0,
  1.5651357 0.44445517 0,1.2941553 0.3322114 0,
  1.1808441 -0.52847203 0,1.020598 -0.68871816 0,
  0.82433739 -0.80202928 0,0.60543711 -0.86068343 0,
  0.37881486 -0.86068343 0,0.15991458 -0.80202928 0,
  -0.036346044 -0.68871816 0,-0.19659217 -0.52847203 0,
  -0.30990329 -0.3322114 0,-0.36855745 -0.11331112 0,
  -0.36855745 0.11331112 0,-0.30990329 0.3322114 0,
  -0.19659217 0.52847203 0,-0.036346044 0.68871816 0,
  0.15991458 0.80202928 0,0.37881486 0.86068343 0,
  0.60543711 0.86068343 0,0.82433739 0.80202928 0,
  1.020598 0.68871816 0,1.1808441 0.52847203 0] }
 coordIndex [
  38,15,16,-1,39,16,17,-1,39,38,16,-1,37,14,15,-1,37,15,38,-1,40,17,18,-1,40,39,17,-1,36,13,14,-1,
  36,14,37,-1,41,18,19,-1,41,40,18,-1,35,13,36,-1,12,13,35,-1,42,19,20,-1,42,41,19,-1,34,12,35,-1,
  11,12,34,-1,43,20,21,-1,43,42,20,-1,33,11,34,-1,22,43,21,-1,23,43,22,-1,10,11,33,-1,32,10,33,-1,
  9,32,31,-1,9,10,32,-1,8,9,31,-1,8,31,30,-1,7,8,30,-1,7,30,29,-1,2,0,1,-1,2,24,0,-1,
  2,25,24,-1,6,7,29,-1,6,29,28,-1,3,25,2,-1,5,28,27,-1,5,6,28,-1,4,26,25,-1,4,27,26,-1,
  4,25,3,-1,4,5,27,-1]
  normalPerVertex TRUE
  normal DEF NORM_7 Normal { vector [
  0 0 -1,0 0 -1,
  0 0 -1,0 0 -1,
  0 0 -1,0 0 -1,
  0 0 -1,0 0 -1,
  0 0 -1,0 0 -1,
  0 0 -1,0 0 -1,
  0 0 -1,0 0 -1,
  0 0 -1,0 0 -1,
  0 0 -1,0 0 -1,
  0 0 -1,0 0 -1,
  0 0 -1,0 0 -1,
  0 0 -1,0 0 -1,
  0 0 -1,0 0 -1,
  0 0 -1,0 0 -1,
  0 0 -1,0 0 -1,
  0 0 -1,0 0 -1,
  0 0 -1,0 0 -1,
  0 0 -1,0 0 -1,
  0 0 -1,0 0 -1,
  0 0 -1,0 0 -1,
  0 0 -1,0 0 -1,
  0 0 -1,0 0 -1] }
}
}
DEF SHAPE_8 Shape {
 appearance USE APP_3
 geometry DEF FACE_8 IndexedFaceSet {
  coord DEF COORD_8 Coordinate { point [
  1.2941553 0.3322114 0,1.5651357 0.44445517 0,
  1.631227 0.22658128 0,1.6535433 0 0,
  1.631227 -0.22658128 0,1.5651357 -0.44445517 0,
  1.2941553 -0.3322114 0,1.3435557 0.16935991 0,
  1.3602362 0 0,1.3435557 -0.16935991 0] }
 coordIndex [
  2,0,1,-1,2,7,0,-1,3,8,7,-1,3,7,2,-1,4,9,8,-1,4,8,3,-1,5,6,9,-1,5,9,4,-1]
  normalPerVertex TRUE
  normal DEF NORM_8 Normal { vector [
  0 0 -1,0 0 -1,
  0 0 -1,0 0 -1,
  0 0 -1,0 0 -1,
  0 0 -1,0 0 -1,
  0 0 -1,0 0 -1] }
}
}
DEF SHAPE_9 Shape {
 appearance USE APP_1
 geometry DEF FACE_9 IndexedFaceSet {
  coord DEF COORD_9 Coordinate { point [
  -0.098425197 0 -0.78740157,-0.09507144 -0.025474315 -0.78740157,
  -0.085238721 -0.049212598 -0.78740157,-0.069597124 -0.069597124 -0.78740157,
  -0.049212598 -0.085238721 -0.78740157,-0.025474315 -0.09507144 -0.78740157,
  0 -0.098425197 -0.78740157,0.025474315 -0.09507144 -0.78740157,
  0.049212598 -0.085238721 -0.78740157,0.069597124 -0.069597124 -0.78740157,
  0.085238721 -0.049212598 -0.78740157,0.09507144 -0.025474315 -0.78740157,
  0.098425197 0 -0.78740157,0.09507144 0.025474315 -0.78740157,
  0.085238721 0.049212598 -0.78740157,0.069597124 0.069597124 -0.78740157,
  0.049212598 0.085238721 -0.78740157,0.025474315 0.09507144 -0.78740157,
  0 0.098425197 -0.78740157,-0.025474315 0.09507144 -0.78740157,
  -0.049212598 0.085238721 -0.78740157,-0.069597124 0.069597124 -0.78740157,
  -0.085238721 0.049212598 -0.78740157,-0.09507144 0.025474315 -0.78740157] }
 coordIndex [
  22,21,20,-1,4,6,5,-1,3,1,0,-1,3,2,1,-1,3,7,6,-1,3,8,7,-1,3,9,8,-1,3,10,9,-1,
  3,11,10,-1,3,12,11,-1,3,13,12,-1,3,14,13,-1,3,15,14,-1,3,16,15,-1,3,17,16,-1,3,18,17,-1,
  3,19,18,-1,3,20,19,-1,3,23,22,-1,3,0,23,-1,3,22,20,-1,3,6,4,-1]
  normalPerVertex TRUE
  normal DEF NORM_9 Normal { vector [
  0 0 -1,0 0 -1,
  0 0 -1,0 0 -1,
  0 0 -1,0 0 -1,
  0 0 -1,0 0 -1,
  0 0 -1,0 0 -1,
  0 0 -1,0 0 -1,
  0 0 -1,0 0 -1,
  0 0 -1,0 0 -1,
  0 0 -1,0 0 -1,
  0 0 -1,0 0 -1,
  0 0 -1,0 0 -1,
  0 0 -1,0 0 -1] }
}
}
DEF SHAPE_10 Shape {
 appearance USE APP_2
 geometry DEF FACE_10 IndexedFaceSet {
  coord DEF COORD_10 Coordinate { point [
  1.5651357 -0.44445517 0,1.4135403 -0.70702607 0,
  1.1991521 -0.92141431 0,0.93658115 -1.0730097 0,
  0.64372136 -1.1514812 0,0.3405306 -1.1514812 0,
  0.047670817 -1.0730097 0,-0.21490008 -0.92141431 0,
  -0.42928833 -0.70702607 0,-0.58088371 -0.44445517 0,
  -0.65935525 -0.15159538 0,-0.65935525 0.15159538 0,
  -0.58088371 0.44445517 0,-0.42928833 0.70702607 0,
  -0.21490008 0.92141431 0,0.047670817 1.0730097 0,
  0.3405306 1.1514812 0,0.64372136 1.1514812 0,
  0.93658115 1.0730097 0,1.1991521 0.92141431 0,
  1.4135403 0.70702607 0,1.5651357 0.44445517 0,
  1.5839638 0.45225405 0.0026830058,1.6015089 0.45952144 0.010549181,
  1.6165752 0.4657621 0.023062458,1.6281359 0.47055072 0.039370079,
  1.6354033 0.47356098 0.058360705,1.6378821 0.47458772 0.078740157,
  1.6378821 -0.47458772 0.078740157,1.4849232 -0.74319868 0.078740157,
  1.2702864 -0.96563813 0.078740157,1.007306 -1.1280869 0.078740157,
  0.71231991 -1.2204529 0.078740157,0.40365416 -1.2369977 0.078740157,
  0.10048476 -1.1766936 0.078740157,-0.17835377 -1.0432869 0.078740157,
  -0.41553848 -0.84506556 0.078740157,-0.59633418 -0.59434422 0.078740157,
  -0.70950886 -0.30669901 0.078740157,-0.7480315 0 0.078740157,
  -0.70950886 0.30669901 0.078740157,-0.59633418 0.59434422 0.078740157,
  -0.41553848 0.84506556 0.078740157,-0.17835377 1.0432869 0.078740157,
  0.10048476 1.1766936 0.078740157,0.40365416 1.2369977 0.078740157,
  0.71231991 1.2204529 0.078740157,1.007306 1.1280869 0.078740157,
  1.2702864 0.96563813 0.078740157,1.4849232 0.74319868 0.078740157,
  1.5839638 -0.45225405 0.0026830058,1.6015089 -0.45952144 0.010549181,
  1.6165752 -0.4657621 0.023062458,1.6281359 -0.47055072 0.039370079,
  1.6354033 -0.47356098 0.058360705,1.2455829 -0.93498295 0.010549181,
  1.2636671 -0.9574241 0.039370079,1.5606372 -0.60845733 0.039370079,
  1.4621037 -0.7351622 0.023062458,1.11939 -1.0430053 0.023062458,
  0.97788419 -1.1159567 0.023062458,0.83502128 -1.1677941 0.023062458,
  0.70532963 -1.1817083 0.010549181,0.71044687 -1.2100713 0.039370079,
  0.67966004 -1.2025603 0.023062458,0.52832914 -1.2165565 0.023062458,
  0.36922693 -1.2108741 0.023062458,0.21928007 -1.1861178 0.023062458,
  0.10381619 -1.1666842 0.039370079,0.066794871 -1.1403568 0.023062458,
  -0.072006003 -1.0784597 0.023062458,-0.17265045 -1.0344123 0.039370079,
  -0.20794702 -0.99559936 0.023062458,-0.32656561 -0.90059112 0.023062458,
  -0.40781759 -0.83787715 0.039370079,-0.43711232 -0.78602574 0.023062458,
  -0.52782624 -0.66409167 0.023062458,-0.58707539 -0.58928853 0.039370079,
  -0.60578177 -0.52527979 0.023062458,-0.66268532 -0.38435811 0.023062458,
  -0.69928736 -0.30409013 0.039370079,-0.70297455 -0.23033675 0.023062458,
  -0.72236314 -0.079601823 0.023062458,-0.73748232 0 0.039370079,
  -0.72236314 0.079601823 0.023062458,-0.70297455 0.23033675 0.023062458,
  -0.69928736 0.30409013 0.039370079,-0.66268532 0.38435811 0.023062458,
  -0.60578177 0.52527979 0.023062458,-0.58707539 0.58928853 0.039370079,
  -0.52782624 0.66409167 0.023062458,-0.43711232 0.78602574 0.023062458,
  -0.40781759 0.83787715 0.039370079,-0.32656561 0.90059112 0.023062458,
  -0.20794702 0.99559936 0.023062458,-0.17265045 1.0344123 0.039370079,
  -0.072006003 1.0784597 0.023062458,0.066794871 1.1403568 0.023062458,
  0.10381619 1.1666842 0.039370079,0.21928007 1.1861178 0.023062458,
  0.36922693 1.2108741 0.023062458,0.52832914 1.2165565 0.023062458,
  0.64886019 1.1905145 0.010549181,0.65262207 1.2190888 0.039370079,
  0.52870135 1.2290642 0.039370079,0.67966004 1.2025603 0.023062458,
  0.68158813 1.2149241 0.039370079,0.83502128 1.1677941 0.023062458,
  0.97788419 1.1159567 0.023062458,1.11939 1.0430053 0.023062458,
  1.223119 0.9526487 0.010549181,1.2406641 0.97551385 0.039370079,
  1.1258391 1.0537287 0.039370079,1.2522194 0.96653741 0.039370079,
  1.3629223 0.85031414 0.023062458,1.4621037 0.7351622 0.023062458,
  1.5606372 0.60845733 0.039370079] }
 coordIndex [
  55,2,1,-1,56,2,55,-1,57,1,0,-1,57,28,29,-1,57,0,50,-1,57,50,51,-1,57,51,52,-1,57,52,53,-1,
  57,53,54,-1,57,54,28,-1,58,56,55,-1,58,57,29,-1,58,29,30,-1,58,55,1,-1,58,1,57,-1,58,30,56,-1,
  59,3,2,-1,59,2,56,-1,59,30,31,-1,59,56,30,-1,60,59,31,-1,60,3,59,-1,61,4,3,-1,61,62,4,-1,
  61,31,32,-1,61,63,62,-1,61,32,63,-1,61,3,60,-1,61,60,31,-1,64,4,62,-1,64,62,63,-1,64,63,32,-1,
  65,5,4,-1,65,32,33,-1,65,64,32,-1,65,4,64,-1,66,5,65,-1,66,65,33,-1,67,6,5,-1,67,33,34,-1,
  67,68,6,-1,67,34,68,-1,67,5,66,-1,67,66,33,-1,69,6,68,-1,69,68,34,-1,70,7,6,-1,70,34,35,-1,
  70,71,7,-1,70,35,71,-1,70,69,34,-1,70,6,69,-1,72,7,71,-1,72,71,35,-1,73,8,7,-1,73,35,36,-1,
  73,36,74,-1,73,72,35,-1,73,7,72,-1,75,73,74,-1,75,8,73,-1,75,74,36,-1,76,8,75,-1,76,75,36,-1,
  76,9,8,-1,76,36,37,-1,76,37,77,-1,78,9,76,-1,78,76,77,-1,78,77,37,-1,79,9,78,-1,79,10,9,-1,
  79,78,37,-1,79,37,38,-1,79,38,80,-1,81,10,79,-1,81,79,80,-1,81,80,38,-1,82,39,83,-1,82,11,10,-1,
  82,81,38,-1,82,38,39,-1,82,10,81,-1,84,83,39,-1,84,82,83,-1,84,39,40,-1,84,11,82,-1,85,40,86,-1,
  85,11,84,-1,85,84,40,-1,87,12,11,-1,87,11,85,-1,87,86,40,-1,87,85,86,-1,87,40,41,-1,88,12,87,-1,
  88,87,41,-1,88,41,89,-1,90,13,12,-1,90,12,88,-1,90,88,89,-1,90,89,41,-1,90,41,42,-1,91,13,90,-1,
  91,90,42,-1,91,42,92,-1,93,14,13,-1,93,13,91,-1,93,91,92,-1,93,92,42,-1,93,42,43,-1,94,93,43,-1,
  94,14,93,-1,94,95,14,-1,94,43,95,-1,96,15,14,-1,96,43,44,-1,96,14,95,-1,96,95,43,-1,97,15,96,-1,
  97,96,44,-1,97,98,15,-1,97,44,98,-1,99,16,15,-1,99,44,45,-1,99,15,98,-1,99,98,44,-1,100,99,45,-1,
  100,16,99,-1,101,103,102,-1,101,17,16,-1,101,16,100,-1,101,100,45,-1,101,102,17,-1,104,103,101,-1,104,45,46,-1,
  104,46,103,-1,104,101,45,-1,105,102,103,-1,105,17,102,-1,106,105,103,-1,106,103,46,-1,106,46,105,-1,107,18,17,-1,
  107,46,47,-1,107,17,105,-1,107,105,46,-1,108,18,107,-1,108,107,47,-1,109,19,18,-1,109,18,108,-1,109,110,19,-1,
  109,108,47,-1,109,111,110,-1,112,47,48,-1,112,48,111,-1,112,109,47,-1,112,111,109,-1,113,111,48,-1,113,110,111,-1,
  114,20,19,-1,114,48,49,-1,114,19,110,-1,114,113,48,-1,114,110,113,-1,115,20,114,-1,115,114,49,-1,116,21,20,-1,
  116,22,21,-1,116,23,22,-1,116,24,23,-1,116,25,24,-1,116,26,25,-1,116,27,26,-1,116,49,27,-1,116,20,115,-1,
  116,115,49,-1]
  normalPerVertex TRUE
  normal DEF NORM_10 Normal { vector [
  0.35431886 -0.22746094 -0.90703896,0.31602405 -0.21273408 -0.92459343,
  0.20178449 -0.29745526 -0.93316847,0.1347234 -0.31883561 -0.93818626,
  0.043228884 -0.32647784 -0.9442158,-0.041425771 -0.34426934 -0.93795657,
  -0.13408947 -0.34585167 -0.92865852,-0.2184801 -0.30015045 -0.92853441,
  -0.27256323 -0.21670484 -0.93741575,-0.31965777 -0.13967484 -0.93718187,
  -0.34550307 -0.052986979 -0.93692049,-0.34529687 0.045001957 -0.93741394,
  -0.31965777 0.13967484 -0.93718187,-0.27256323 0.21670484 -0.93741575,
  -0.2184801 0.30015045 -0.92853441,-0.13408947 0.34585167 -0.92865852,
  -0.041425771 0.34426934 -0.93795657,0.047628498 0.32669332 -0.94392955,
  0.1347234 0.31883561 -0.93818626,0.19152683 0.24813881 -0.94960234,
  0.32235905 0.22198595 -0.92022111,0.35431886 0.22746094 -0.90703896,
  0.17294195 0.24960328 -0.95277977,0.42151847 0.28242778 -0.86171731,
  0.6284569 0.32701797 -0.70576283,0.77822995 0.38090647 -0.49926787,
  0.85996774 0.44030965 -0.25803663,0.87091134 0.48941178 -0.044604475,
  0.87091134 -0.48941178 -0.044604475,0.76387011 -0.58499172 -0.27255668,
  0.61430229 -0.73397475 -0.28967871,0.39341746 -0.87298811 -0.28829579,
  0.16221696 -0.95119228 -0.2625241,-0.076864333 -0.95397667 -0.28986271,
  -0.31669085 -0.91128943 -0.26317007,-0.53352851 -0.80350957 -0.26404488,
  -0.7165716 -0.64509544 -0.26528667,-0.85425595 -0.44611008 -0.26689431,
  -0.93790638 -0.21918603 -0.26886634,-0.96312647 0 -0.26904907,
  -0.93790638 0.21918603 -0.26886634,-0.85425595 0.44611008 -0.26689431,
  -0.7165716 0.64509544 -0.26528667,-0.53352851 0.80350957 -0.26404488,
  -0.31669085 0.91128943 -0.26317007,-0.094690794 0.95987998 -0.26393952,
  0.19034835 0.95734141 -0.21740501,0.38119825 0.88587496 -0.2644115,
  0.63200085 0.75293709 -0.18346842,0.76430707 0.59812533 -0.24099957,
  0.17294195 -0.24960328 -0.95277977,0.42151847 -0.28242778 -0.86171731,
  0.6284569 -0.32701797 -0.70576283,0.77822995 -0.38090647 -0.49926787,
  0.85996774 -0.44030965 -0.25803663,0.30885753 -0.32538292 -0.89371862,
  0.52672748 -0.60636136 -0.59572147,0.6082978 -0.36255882 -0.70606295,
  0.58147053 -0.50356736 -0.63899292,0.36880989 -0.60224711 -0.70800966,
  0.28393619 -0.64703389 -0.70762094,0.21417393 -0.67667885 -0.70443968,
  0.10505302 -0.46945532 -0.87668442,0.18915973 -0.84530693 -0.49967468,
  0.050839848 -0.71437624 -0.69791253,0.022911 -0.70692015 -0.7069222,
  -0.069230583 -0.70290991 -0.70790168,-0.1576635 -0.69231202 -0.70416354,
  -0.19641755 -0.65450513 -0.73009806,-0.26950507 -0.66571566 -0.6958374,
  -0.32691401 -0.63111861 -0.70343197,-0.35360074 -0.58011861 -0.73377716,
  -0.42845458 -0.5774761 -0.69494462,-0.45773699 -0.52300016 -0.71899073,
  -0.65439117 -0.63143675 -0.4160046,-0.51466824 -0.40999268 -0.75300903,
  -0.57306774 -0.39031952 -0.7205859,-0.79229395 -0.44494528 -0.41748533,
  -0.60490733 -0.26863289 -0.74961556,-0.65116711 -0.23328147 -0.72219191,
  -0.87871011 -0.22985483 -0.41837219,-0.65682092 -0.10817702 -0.74624662,
  -0.68720365 -0.062063359 -0.72380887,-0.90813957 0 -0.41866755,
  -0.79817929 0.08523029 -0.59636031,-0.65682092 0.10817702 -0.74624662,
  -0.87871011 0.22985483 -0.41837219,-0.65116711 0.23328147 -0.72219191,
  -0.60490733 0.26863289 -0.74961556,-0.79229395 0.44494528 -0.41748533,
  -0.57306774 0.39031952 -0.7205859,-0.51466824 0.40999268 -0.75300903,
  -0.65439117 0.63143675 -0.4160046,-0.45773699 0.52300016 -0.71899073,
  -0.42845458 0.5774761 -0.69494462,-0.35360074 0.58011861 -0.73377716,
  -0.32691401 0.63111861 -0.70343197,-0.26950507 0.66571566 -0.6958374,
  -0.19641755 0.65450513 -0.73009806,-0.1576635 0.69231202 -0.70416354,
  -0.069230583 0.70290991 -0.70790168,-0.0088732732 0.53883265 -0.84236609,
  0.046072889 0.49815451 -0.86586337,0.080062702 0.86566301 -0.49418368,
  0.039153932 0.97943404 -0.19792913,0.16567433 0.65977435 -0.73297328,
  0.26567228 0.86150697 -0.43269386,0.20021731 0.67836628 -0.7069174,
  0.28393619 0.64703389 -0.70762094,0.26107629 0.47590733 -0.839852,
  0.31089663 0.39306386 -0.86535778,0.49508476 0.70611926 -0.50624763,
  0.50788134 0.83321645 -0.21864789,0.57674239 0.6308048 -0.51908912,
  0.50871986 0.48894793 -0.70861416,0.56936517 0.41770702 -0.7080566,
  0.6082978 0.36255882 -0.70606295] }
}
}
DEF SHAPE_11 Shape {
 appearance USE APP_3
 geometry DEF FACE_11 IndexedFaceSet {
  coord DEF COORD_11 Coordinate { point [
  1.5651357 0.44445517 0,1.631227 0.22658128 0,
  1.6535433 0 0,1.631227 -0.22658128 0,
  1.5651357 -0.44445517 0,1.5839638 -0.45225405 0.0026830058,
  1.6015089 -0.45952144 0.010549181,1.6165752 -0.4657621 0.023062458,
  1.6281359 -0.47055072 0.039370079,1.6354033 -0.47356098 0.058360705,
  1.6378821 -0.47458772 0.078740157,1.6378821 0.47458772 0.078740157,
  1.7216737 0.16187303 0.078740157,1.7216737 -0.16187303 0.078740157,
  1.5839638 0.45225405 0.0026830058,1.6015089 0.45952144 0.010549181,
  1.6165752 0.4657621 0.023062458,1.6281359 0.47055072 0.039370079,
  1.6354033 0.47356098 0.058360705,1.7217343 0 0.039370079,
  1.649403 0.35105615 0.016271391,1.6568133 0.35330404 0.023062458,
  1.6929647 0.19825927 0.023062458,1.7066151 0.079601823 0.023062458,
  1.6929134 0 0.010549181,1.7191016 0.080420231 0.039370079,
  1.7066151 -0.079601823 0.023062458,1.7191016 -0.080420231 0.039370079,
  1.6929647 -0.19825927 0.023062458,1.649403 -0.35105615 0.016271391,
  1.6568133 -0.35330404 0.023062458] }
 coordIndex [
  19,12,13,-1,20,1,0,-1,20,0,14,-1,20,14,15,-1,20,15,16,-1,21,11,12,-1,21,16,17,-1,21,17,18,-1,
  21,18,11,-1,21,20,16,-1,21,1,20,-1,22,21,12,-1,22,1,21,-1,23,2,1,-1,23,1,22,-1,23,24,2,-1,
  23,19,24,-1,23,22,12,-1,25,19,23,-1,25,23,12,-1,25,12,19,-1,26,3,2,-1,26,2,24,-1,26,24,19,-1,
  27,26,19,-1,27,19,13,-1,27,13,26,-1,28,3,26,-1,28,26,13,-1,29,4,3,-1,29,5,4,-1,29,6,5,-1,
  29,7,6,-1,30,8,7,-1,30,9,8,-1,30,10,9,-1,30,13,10,-1,30,29,3,-1,30,7,29,-1,30,28,13,-1,
  30,3,28,-1]
  normalPerVertex TRUE
  normal DEF NORM_11 Normal { vector [
  0.25886792 0.065672387 -0.96367761,0.35063247 0.060361767 -0.93456585,
  0.33716891 0 -0.94144417,0.35063247 -0.060361767 -0.93456585,
  0.25886792 -0.065672387 -0.96367761,0.26280786 -0.040502417 -0.96399771,
  0.47329808 -0.16332308 -0.86562954,0.6567146 -0.23739349 -0.71580044,
  0.82325194 -0.27075671 -0.49894594,0.93579899 -0.24188296 -0.25646225,
  0.94429261 -0.24715682 -0.21731307,0.94429261 0.24715682 -0.21731307,
  0.96189295 0.15417521 -0.22581399,0.96189295 -0.15417521 -0.22581399,
  0.26280786 0.040502417 -0.96399771,0.47329808 0.16332308 -0.86562954,
  0.6567146 0.23739349 -0.71580044,0.82325194 0.27075671 -0.49894594,
  0.93579899 0.24188296 -0.25646225,0.96236332 0 -0.27176615,
  0.35201368 0.09294579 -0.93136859,0.85687697 0.21925201 -0.46657305,
  0.70162139 0.12766435 -0.70102014,0.54565566 0.06436992 -0.83553361,
  0.5 0 -0.8660254,0.91683866 0.094678882 -0.38786953,
  0.54565566 -0.06436992 -0.83553361,0.91683866 -0.094678882 -0.38786953,
  0.70162139 -0.12766435 -0.70102014,0.35201368 -0.09294579 -0.93136859,
  0.85687697 -0.21925201 -0.46657305] }
}
}
DEF SHAPE_12 Shape {
 appearance USE APP_2
 geometry DEF FACE_12 IndexedFaceSet {
  coord DEF COORD_12 Coordinate { point [
  1.6378821 -0.47458772 0.41928313,1.5128179 -0.70439461 0.41928313,
  1.3416114 -0.90352923 0.41928312,1.1319337 -1.0623762 0.41928312,
  0.89336634 -1.1734557 0.41928312,0.63679796 -1.2316879 0.41928313,
  0.37385112 -1.2345026 0.41928313,0.11634811 -1.1818555 0.41928313,
  -0.12419143 -1.0761729 0.41928313,-0.33702832 -0.92222389 0.41928313,
  -0.5126558 -0.72691382 0.41928313,-0.64321351 -0.49899183 0.41928313,
  -0.72284352 -0.24867379 0.41928313,-0.74796524 0.012809128 0.41928313,
  -0.7174477 0.27371688 0.41928313,-0.63266469 0.52233568 0.41928313,
  -0.49742786 0.74751164 0.41928313,-0.31780359 0.9391529 0.41928313,
  -0.10182928 1.0886746 0.41928313,0.14084941 1.1893678 0.41928313,
  0.39939703 1.2366837 0.41928313,0.66224309 1.2284322 0.41928313,
  0.91756223 1.1649021 0.41928312,1.1537793 1.0489099 0.41928312,
  1.360107 0.8857756 0.41928312,1.5200258 0.69383414 0.41928313,
  1.6378821 0.47458772 0.41928313,1.6378821 0.47458772 0.078740157,
  1.6378821 -0.47458772 0.078740157,1.4849232 -0.74319868 0.078740157,
  1.2702864 -0.96563813 0.078740157,1.007306 -1.1280869 0.078740157,
  0.71231991 -1.2204529 0.078740157,0.40365416 -1.2369977 0.078740157,
  0.10048476 -1.1766936 0.078740157,-0.17835377 -1.0432869 0.078740157,
  -0.41553848 -0.84506556 0.078740157,-0.59633418 -0.59434422 0.078740157,
  -0.70950886 -0.30669901 0.078740157,-0.7480315 0 0.078740157,
  -0.70950886 0.30669901 0.078740157,-0.59633418 0.59434422 0.078740157,
  -0.41553848 0.84506556 0.078740157,-0.17835377 1.0432869 0.078740157,
  0.10048476 1.1766936 0.078740157,0.40365416 1.2369977 0.078740157,
  0.71231991 1.2204529 0.078740157,1.007306 1.1280869 0.078740157,
  1.2702864 0.96563813 0.078740157,1.4849232 0.74319868 0.078740157] }
 coordIndex [
  25,26,27,-1,25,27,49,-1,24,49,48,-1,24,25,49,-1,23,48,47,-1,23,24,48,-1,22,47,46,-1,22,23,47,-1,
  21,46,45,-1,21,22,46,-1,20,21,45,-1,19,45,44,-1,19,20,45,-1,18,44,43,-1,18,19,44,-1,17,43,42,-1,
  17,18,43,-1,16,42,41,-1,16,17,42,-1,15,41,40,-1,15,16,41,-1,14,40,39,-1,14,15,40,-1,13,14,39,-1,
  12,13,39,-1,12,39,38,-1,11,12,38,-1,11,38,37,-1,10,11,37,-1,10,37,36,-1,9,10,36,-1,9,36,35,-1,
  8,9,35,-1,8,35,34,-1,7,8,34,-1,6,7,34,-1,6,34,33,-1,5,33,32,-1,5,6,33,-1,4,32,31,-1,
  4,5,32,-1,3,31,30,-1,3,4,31,-1,2,30,29,-1,2,3,30,-1,1,29,28,-1,1,2,29,-1,0,1,28,-1]
  normalPerVertex TRUE
  normal DEF NORM_12 Normal { vector [
  0.87835313 -0.47801232 0,0.84073678 -0.54144152 -0.0016588116,
  0.69796921 -0.71612724 0.00087274945,0.51946852 -0.8544873 0.0019789815,
  0.31439248 -0.94929152 0.0017254925,0.093280805 -0.99563983 0.0001300671,
  -0.13254229 -0.99117337 -0.0028091025,-0.30296315 -0.95300221 -0.00033290796,
  -0.47295076 -0.88108865 -0.00060276282,-0.65852951 -0.75255369 0.0013534574,
  -0.81054247 -0.58567654 0.0019734679,-0.92125374 -0.38896012 0.001249198,
  -0.9850226 -0.17242333 -0.00082230481,-0.99994664 0.010328546 -0.00019395101,
  -0.98269833 0.1851961 -0.0025289155,-0.91612879 0.40088399 0.00028007637,
  -0.80287445 0.59614561 0.0017413019,-0.64870687 0.76103609 0.0018584216,
  -0.46147192 0.88715458 0.00064012488,-0.25069808 0.96806345 -0.0019077648,
  -0.074713699 0.99720503 -1.447086e-05,0.10622076 0.9943417 -0.0013160227,
  0.32671392 0.94512274 0.001011329,0.53053528 0.84766051 0.0019962901,
  0.70504773 0.70915967 0.0005143971,0.84470675 0.53522292 -0.0026327387,
  0.8808054 0.47347846 0,0.87427938 0.48532245 -0.0098838807,
  0.87329164 -0.48713192 -0.0080129657,0.78820862 -0.6153257 -0.010071789,
  0.62039068 -0.78418923 -0.012753728,0.4173868 -0.90863058 -0.013369375,
  0.19072183 -0.98157156 -0.011935805,-0.046752674 -0.99887078 -0.0084470053,
  -0.30989177 -0.95073927 -0.0078693261,-0.55440468 -0.83217172 -0.011210792,
  -0.73535727 -0.67755071 -0.013218418,-0.87465687 -0.48456474 -0.013128997,
  -0.96442581 -0.26412692 -0.010946848,-0.99995756 0.004750527 -0.0078935221,
  -0.96279243 0.27009662 -0.0088625597,-0.87164995 0.48997723 -0.01219346,
  -0.7311451 0.68208977 -0.013431169,-0.54923231 0.83557515 -0.012571374,
  -0.33619235 0.94174429 -0.0096124143,-0.072889838 0.99730895 -0.0078698963,
  0.19681544 0.98038688 -0.010259235,0.42302678 0.90602634 -0.012830265,
  0.62524206 0.78031665 -0.013352727,0.79136815 0.61121988 -0.012111823] }
}
}
DEF SHAPE_13 Shape {
 appearance USE APP_3
 geometry DEF FACE_13 IndexedFaceSet {
  coord DEF COORD_13 Coordinate { point [
  1.6378821 0.47458772 0.41928313,1.7216738 0.16187335 0.41928313,
  1.7216739 -0.1618729 0.41928313,1.6378821 -0.47458772 0.41928313,
  1.6378821 -0.47458772 0.078740157,1.6378821 0.47458772 0.078740157,
  1.7216737 0.16187303 0.078740157,1.7216737 -0.16187303 0.078740157] }
 coordIndex [
  2,3,4,-1,2,4,7,-1,1,7,6,-1,1,2,7,-1,0,6,5,-1,0,1,6,-1]
  normalPerVertex TRUE
  normal DEF NORM_13 Normal { vector [
  0.96592578 0.25881924 -1.8751824e-07,0.99621408 0.08693394 -3.0443974e-07,
  0.98476904 -0.17386758 -2.2407484e-07,0.96592575 -0.25881933 0,
  0.96592579 -0.25881919 -1.3893428e-07,0.96592583 0.25881905 0,
  0.98476902 0.17386769 -1.7369713e-07,0.9962141 -0.086933689 -2.7180235e-07] }
}
}
DEF SHAPE_14 Shape {
 appearance USE APP_2
 geometry DEF FACE_14 IndexedFaceSet {
  coord DEF COORD_14 Coordinate { point [
  1.6378821 -0.47458772 0.41928313,1.6345302 -0.4731993 0.44833257,
  1.6244771 -0.46903518 0.47600098,1.6086489 -0.46247894 0.49973953,
  1.4848754 -0.68916823 0.49973953,1.3150452 -0.8850505 0.49973953,
  1.1069763 -1.0404207 0.49973953,0.87042856 -1.1477797 0.49973953,
  0.61647695 -1.202099 0.49973953,0.3569182 -1.2009267 0.49973953,
  0.10371953 -1.1444003 0.49973953,-0.13150069 -1.0351832 0.49973953,
  -0.3379672 -0.87832676 0.49973953,-0.5062147 -0.68104717 0.49973953,
  -0.62851301 -0.4524121 0.49973953,-0.69922851 -0.20293857 0.49973953,
  -0.71509682 0.05588549 0.49973953,-0.67538468 0.31213439 0.49973953,
  -0.58192664 0.55400312 0.49973953,-0.43903345 0.77035883 0.49973953,
  -0.25328016 0.95125366 0.49973953,-0.033192292 1.0883725 0.49973953,
  0.21114614 1.1753976 0.49973953,0.46853801 1.2082832 0.49973953,
  0.72715283 1.1854406 0.49973953,0.97503146 1.1078432 0.49973953,
  1.2006179 0.97905775 0.49973953,1.393328 0.80519643 0.49973953,
  1.5156205 0.64262266 0.49973953,1.6086489 0.46247894 0.49973953,
  1.6378821 0.47458772 0.41928313,1.6345302 0.4731993 0.44833257,
  1.6244771 0.46903518 0.47600098,1.5128179 -0.70439461 0.41928313,
  1.3416114 -0.90352923 0.41928312,1.1319337 -1.0623762 0.41928312,
  0.89336634 -1.1734557 0.41928312,0.63679796 -1.2316879 0.41928313,
  0.37385112 -1.2345026 0.41928313,0.11634811 -1.1818555 0.41928313,
  -0.12419143 -1.0761729 0.41928313,-0.33702832 -0.92222389 0.41928313,
  -0.5126558 -0.72691382 0.41928313,-0.64321351 -0.49899183 0.41928313,
  -0.72284352 -0.24867379 0.41928313,-0.74796524 0.012809128 0.41928313,
  -0.7174477 0.27371688 0.41928313,-0.63266469 0.52233568 0.41928313,
  -0.49742786 0.74751164 0.41928313,-0.31780359 0.9391529 0.41928313,
  -0.10182928 1.0886746 0.41928313,0.14084941 1.1893678 0.41928313,
  0.39939703 1.2366837 0.41928313,0.66224309 1.2284322 0.41928313,
  0.91756223 1.1649021 0.41928312,1.1537793 1.0489099 0.41928312,
  1.360107 0.8857756 0.41928312,1.5200258 0.69383414 0.41928313,
  1.4057781 -0.82641881 0.46251053,1.0735522 -1.0861317 0.46251053,
  0.67301387 -1.2186087 0.46251053,0.25156793 -1.2082474 0.46251053,
  -0.14145098 -1.0565591 0.46251053,-0.46029809 -0.78142248 0.46251053,
  -0.66784338 -0.41497171 0.46251053,-0.73983668 0 0.46251053,
  -0.66784338 0.41497171 0.46251053,-0.46029809 0.78142248 0.46251053,
  -0.14145098 1.0565591 0.46251053,0.25156793 1.2082474 0.46251053,
  0.67301387 1.2186087 0.46251053,1.0735522 1.0861317 0.46251053,
  1.4057781 0.82641881 0.46251053] }
 coordIndex [
  33,0,1,-1,33,1,2,-1,4,2,3,-1,4,33,2,-1,35,34,5,-1,6,35,5,-1,38,37,8,-1,9,38,8,-1,
  40,39,10,-1,11,40,10,-1,12,41,11,-1,43,42,13,-1,14,43,13,-1,46,45,16,-1,17,46,16,-1,48,47,18,-1,
  19,48,18,-1,20,49,19,-1,51,50,21,-1,22,51,21,-1,53,52,23,-1,54,53,24,-1,25,54,24,-1,56,55,26,-1,
  27,56,26,-1,28,57,27,-1,30,57,28,-1,31,30,28,-1,32,31,28,-1,29,32,28,-1,58,4,5,-1,58,34,33,-1,
  58,33,4,-1,58,5,34,-1,59,6,7,-1,59,36,35,-1,59,35,6,-1,59,7,36,-1,60,7,8,-1,60,37,36,-1,
  60,36,7,-1,60,8,37,-1,61,9,10,-1,61,39,38,-1,61,38,9,-1,61,10,39,-1,62,40,11,-1,62,41,40,-1,
  62,11,41,-1,63,41,12,-1,63,13,42,-1,63,12,13,-1,63,42,41,-1,64,43,14,-1,64,14,15,-1,64,15,44,-1,
  64,44,43,-1,65,44,15,-1,65,15,16,-1,65,16,45,-1,65,45,44,-1,66,17,18,-1,66,46,17,-1,66,18,47,-1,
  66,47,46,-1,67,48,19,-1,67,19,49,-1,67,49,48,-1,68,20,21,-1,68,49,20,-1,68,21,50,-1,68,50,49,-1,
  69,22,23,-1,69,51,22,-1,69,23,52,-1,69,52,51,-1,70,23,24,-1,70,53,23,-1,70,24,53,-1,71,25,26,-1,
  71,55,54,-1,71,54,25,-1,71,26,55,-1,72,57,56,-1,72,56,27,-1,72,27,57,-1]
  normalPerVertex TRUE
  normal DEF NORM_14 Normal { vector [
  0.87165623 -0.47436777 0.12325033,0.8445504 -0.47554148 0.24616035,
  0.78921768 -0.45570601 0.41166429,0.71309689 -0.38935458 0.58300586,
  0.74123593 -0.48969883 0.45909079,0.57635258 -0.70178759 0.41870262,
  0.49438011 -0.74485463 0.44808468,0.27794283 -0.84138514 0.46348552,
  0.031725106 -0.90988419 0.41364753,-0.064456557 -0.88840988 0.4545033,
  -0.33134086 -0.84678354 0.41613805,-0.48022314 -0.76903527 0.42186549,
  -0.59731336 -0.66552844 0.44753619,-0.77730707 -0.47060958 0.41751688,
  -0.80435456 -0.37426913 0.46145027,-0.87470334 -0.1507556 0.46061569,
  -0.90623076 0.097533024 0.41137954,-0.86456662 0.19450338 0.46334975,
  -0.7914924 0.44817578 0.41554573,-0.68643952 0.58167176 0.4364158,
  -0.56874801 0.68727101 0.45186753,-0.35614615 0.83697459 0.41549183,
  -0.24944083 0.84626709 0.47075609,-0.011987896 0.90850637 0.41769902,
  0.22551218 0.884387 0.4086611,0.31969495 0.82359304 0.46849723,
  0.55724341 0.71977397 0.41401114,0.66374878 0.60716811 0.43678879,
  0.79466192 0.4883115 0.36064429,0.72134921 0.37251352 0.583857,
  0.83482862 0.47081889 0.28529063,0.82696595 0.50606897 0.2449929,
  0.77270104 0.41939976 0.47648394,0.80395206 -0.52410785 0.28101965,
  0.63306831 -0.72257376 0.27768988,0.54045941 -0.77996288 0.31553373,
  0.3066897 -0.91489513 0.26250396,0.066940415 -0.95848495 0.27717428,
  -0.042734894 -0.94891779 0.312616,-0.31469016 -0.90822532 0.27585662,
  -0.41551915 -0.84938816 0.32539757,-0.61866658 -0.72004722 0.3142987,
  -0.80346894 -0.53397368 0.26326747,-0.84734644 -0.42777536 0.31466214,
  -0.94841501 -0.1763271 0.26347244,-0.96144014 0.058368184 0.26874896,
  -0.93341744 0.17278766 0.31444603,-0.86190497 0.43391791 0.2623644,
  -0.7858089 0.52799879 0.32205846,-0.6265667 0.71348405 0.31361551,
  -0.42520926 0.86889311 0.25342029,-0.3076806 0.89773855 0.31527473,
  -0.049691167 0.96071779 0.27304234,0.12149721 0.94983045 0.28820227,
  0.2997002 0.89974425 0.31723821,0.54654023 0.79855582 0.25219514,
  0.62865406 0.70664723 0.32472106,0.78549952 0.52429523 0.32879328,
  0.70441103 -0.60815129 0.36600152,0.38874231 -0.84553439 0.36599318,
  0.2003572 -0.90879672 0.36598568,-0.1945448 -0.91005942 0.36598383,
  -0.55150852 -0.76246902 0.33834795,-0.70004367 -0.61317843 0.36599328,
  -0.89116889 -0.26807823 0.36599464,-0.92774263 -0.07308801 0.36599421,
  -0.87465627 0.31784629 0.36599201,-0.69175141 0.64837467 0.31794697,
  -0.51117988 0.77765091 0.36599753,-0.14294486 0.91956963 0.36600336,
  0.079893637 0.90452331 0.41887299,0.43583337 0.82225389 0.36598881,
  0.73091113 0.60896922 0.30809968] }
}
}
DEF SHAPE_15 Shape {
 appearance USE APP_3
 geometry DEF FACE_15 IndexedFaceSet {
  coord DEF COORD_15 Coordinate { point [
  1.6378821 0.47458772 0.41928313,1.6345302 0.4731993 0.44833257,
  1.6244771 0.46903518 0.47600098,1.6086489 0.46247894 0.49973953,
  1.6903027 0.15774326 0.49973953,1.6903028 -0.15774284 0.49973953,
  1.6086489 -0.46247894 0.49973953,1.6378821 -0.47458772 0.41928313,
  1.6345302 -0.4731993 0.44833257,1.6244771 -0.46903518 0.47600098,
  1.7216738 0.16187335 0.41928313,1.7216739 -0.1618729 0.41928313,
  1.7240881 2.5061413e-07 0.46251053] }
 coordIndex [
  10,0,1,-1,4,1,2,-1,4,2,3,-1,4,10,1,-1,8,7,11,-1,8,11,5,-1,9,8,5,-1,6,9,5,-1,
  12,4,5,-1,12,11,10,-1,12,10,4,-1,12,5,11,-1]
  normalPerVertex TRUE
  normal DEF NORM_15 Normal { vector [
  0.95860463 0.25685774 0.12288719,0.92079849 0.22809786 0.31638822,
  0.85309896 0.21659322 0.47466782,0.78554251 0.21048581 0.58190952,
  0.87330971 0.15529435 0.46175082,0.87330977 -0.15529418 0.46175076,
  0.78554253 -0.21048574 0.58190951,0.95860466 -0.25685764 0.12288719,
  0.92079851 -0.22809779 0.3163882,0.85309898 -0.21659315 0.47466781,
  0.95675969 0.15793081 0.24427187,0.95675972 -0.1579306 0.24427192,
  0.93168168 2.4311196e-07 0.36327571] }
}
}
DEF SHAPE_16 Shape {
 appearance USE APP_2
 geometry DEF FACE_16 IndexedFaceSet {
  coord DEF COORD_16 Coordinate { point [
  1.6086489 -0.46247894 0.49973953,1.5829284 -0.45182517 0.53836702,
  1.5668285 -0.44515635 0.5826778,1.5613484 -0.44288644 0.62992126,
  1.5668285 -0.44515635 0.67716472,1.5829284 -0.45182517 0.7214755,
  1.6086489 -0.46247894 0.76010299,1.4848754 -0.68916823 0.49973953,
  1.3150452 -0.8850505 0.49973953,1.1069763 -1.0404207 0.49973953,
  0.87042856 -1.1477797 0.49973953,0.61647695 -1.202099 0.49973953,
  0.3569182 -1.2009267 0.49973953,0.10371953 -1.1444003 0.49973953,
  -0.13150069 -1.0351832 0.49973953,-0.3379672 -0.87832676 0.49973953,
  -0.5062147 -0.68104717 0.49973953,-0.62851301 -0.4524121 0.49973953,
  -0.69922851 -0.20293857 0.49973953,-0.71509682 0.05588549 0.49973953,
  -0.67538468 0.31213439 0.49973953,-0.58192664 0.55400312 0.49973953,
  -0.43903345 0.77035883 0.49973953,-0.25328016 0.95125366 0.49973953,
  -0.033192292 1.0883725 0.49973953,0.21114614 1.1753976 0.49973953,
  0.46853801 1.2082832 0.49973953,0.72715283 1.1854406 0.49973953,
  0.97503146 1.1078432 0.49973953,1.2006179 0.97905775 0.49973953,
  1.393328 0.80519643 0.49973953,1.5156205 0.64262266 0.49973953,
  1.6086489 0.46247894 0.49973953,1.5829284 0.45182517 0.53836702,
  1.5668285 0.44515635 0.5826778,1.5613484 0.44288644 0.62992126,
  1.5668285 0.44515635 0.67716472,1.5829284 0.45182517 0.7214755,
  1.6086489 0.46247894 0.76010299,1.4848754 -0.68916823 0.76010299,
  1.3150452 -0.8850505 0.76010299,1.1069763 -1.0404207 0.76010299,
  0.87042856 -1.1477797 0.76010299,0.61647695 -1.202099 0.76010299,
  0.3569182 -1.2009267 0.76010299,0.10371953 -1.1444003 0.76010299,
  -0.13150069 -1.0351832 0.76010299,-0.3379672 -0.87832676 0.76010299,
  -0.5062147 -0.68104717 0.76010299,-0.62851301 -0.4524121 0.76010299,
  -0.69922851 -0.20293857 0.76010299,-0.71509682 0.05588549 0.76010299,
  -0.67538468 0.31213439 0.76010299,-0.58192664 0.55400312 0.76010299,
  -0.43903345 0.77035883 0.76010299,-0.25328016 0.95125366 0.76010299,
  -0.033192292 1.0883725 0.76010299,0.21114614 1.1753976 0.76010299,
  0.46853801 1.2082832 0.76010299,0.72715283 1.1854406 0.76010299,
  0.97503146 1.1078432 0.76010299,1.2006179 0.97905775 0.76010299,
  1.393328 0.80519643 0.76010299,1.5156205 0.64262266 0.76010299,
  1.2834002 -0.85266336 0.5826778,1.2834002 -0.85266336 0.67716472,
  0.85588956 -1.1049098 0.5826778,0.85588956 -1.1049098 0.67716472,
  0.36214164 -1.1559644 0.5826778,0.36214164 -1.1559644 0.67716472,
  -0.10793757 -0.99653066 0.5826778,-0.10793757 -0.99653066 0.67716472,
  -0.46875184 -0.6556397 0.5826778,-0.46875184 -0.6556397 0.67716472,
  -0.65460089 -0.19536401 0.5826778,-0.65460089 -0.19536401 0.67716472,
  -0.63164365 0.30048531 0.5826778,-0.63164365 0.30048531 0.67716472,
  -0.4040604 0.74161957 0.5826778,-0.4040604 0.74161957 0.67716472,
  -0.013291509 1.0477131 0.5826778,-0.013291509 1.0477131 0.67716472,
  0.46950831 1.1630297 0.5826778,0.46950831 1.1630297 0.67716472,
  0.95642656 1.0665714 0.5826778,0.95642656 1.0665714 0.67716472,
  1.3588008 0.77590229 0.5826778,1.3588008 0.77590229 0.67716472,
  1.4422343 -0.6608171 0.62992126,1.0802421 -0.99674694 0.62992126,
  0.61116048 -1.1511802 0.62992126,0.12040398 -1.0959963 0.62992126,
  -0.30266604 -0.84124352 0.62992126,-0.58101323 -0.43330965 0.62992126,
  -0.66395364 0.053525116 0.62992126,-0.53638473 0.53061355 0.62992126,
  -0.2215354 0.91108313 0.62992126,0.22326378 1.1256545 0.62992126,
  0.71701979 1.1352567 0.62992126,1.1698251 0.93814119 0.62992126,
  1.4717799 0.61616816 0.62992126] }
 coordIndex [
  7,0,1,-1,7,1,2,-1,39,5,6,-1,33,32,31,-1,37,36,63,-1,38,37,63,-1,64,8,7,-1,64,9,8,-1,
  65,39,40,-1,65,40,41,-1,66,10,9,-1,66,11,10,-1,67,41,42,-1,67,42,43,-1,68,12,11,-1,68,13,12,-1,
  69,43,44,-1,69,44,45,-1,70,14,13,-1,70,15,14,-1,71,45,46,-1,71,46,47,-1,72,16,15,-1,72,17,16,-1,
  73,47,48,-1,73,48,49,-1,74,18,17,-1,74,19,18,-1,75,49,50,-1,75,50,51,-1,76,20,19,-1,76,21,20,-1,
  77,51,52,-1,77,52,53,-1,78,22,21,-1,78,23,22,-1,79,53,54,-1,79,54,55,-1,80,24,23,-1,80,25,24,-1,
  81,55,56,-1,81,56,57,-1,82,26,25,-1,82,27,26,-1,83,57,58,-1,83,58,59,-1,84,28,27,-1,84,29,28,-1,
  85,59,60,-1,85,60,61,-1,86,30,29,-1,86,31,30,-1,87,61,62,-1,87,62,63,-1,88,2,3,-1,88,3,4,-1,
  88,4,5,-1,88,64,7,-1,88,7,2,-1,88,5,39,-1,88,39,65,-1,88,65,64,-1,89,41,67,-1,89,67,66,-1,
  89,9,64,-1,89,66,9,-1,89,65,41,-1,89,64,65,-1,90,67,43,-1,90,66,67,-1,90,68,11,-1,90,43,69,-1,
  90,69,68,-1,90,11,66,-1,91,45,71,-1,91,71,70,-1,91,13,68,-1,91,69,45,-1,91,70,13,-1,91,68,69,-1,
  92,71,47,-1,92,70,71,-1,92,72,15,-1,92,47,73,-1,92,73,72,-1,92,15,70,-1,93,17,72,-1,93,72,73,-1,
  93,73,49,-1,93,74,17,-1,93,49,75,-1,93,75,74,-1,94,75,51,-1,94,74,75,-1,94,76,19,-1,94,19,74,-1,
  94,51,77,-1,94,77,76,-1,95,79,78,-1,95,53,79,-1,95,77,53,-1,95,21,76,-1,95,78,21,-1,95,76,77,-1,
  96,23,78,-1,96,79,55,-1,96,55,81,-1,96,81,80,-1,96,78,79,-1,96,80,23,-1,97,25,80,-1,97,80,81,-1,
  97,57,83,-1,97,83,82,-1,97,82,25,-1,97,81,57,-1,98,83,59,-1,98,27,82,-1,98,82,83,-1,98,84,27,-1,
  98,85,84,-1,98,59,85,-1,99,29,84,-1,99,84,85,-1,99,86,29,-1,99,85,61,-1,99,87,86,-1,99,61,87,-1,
  100,31,86,-1,100,34,33,-1,100,35,34,-1,100,36,35,-1,100,86,87,-1,100,33,31,-1,100,63,36,-1,100,87,63,-1]
  normalPerVertex TRUE
  normal DEF NORM_16 Normal { vector [
  0.71342809 -0.38953542 0.58247964,0.78171157 -0.40071867 0.47786146,
  0.84945031 -0.42157468 0.31734676,0.87748416 -0.47960562 0,
  0.86158815 -0.44378757 -0.24641113,0.81718598 -0.40417294 -0.41091521,
  0.71342809 -0.38953542 -0.58247964,0.75006898 -0.51580848 0.4139301,
  0.5975979 -0.64293282 0.47907634,0.46293938 -0.78413163 0.41330946,
  0.27478846 -0.83365271 0.47907668,0.093691371 -0.90575484 0.41331598,
  -0.098154127 -0.87227754 0.47905913,-0.29251905 -0.86228607 0.41339489,
  -0.45293546 -0.75188079 0.47908741,-0.6253568 -0.66182168 0.41342586,
  -0.72512465 -0.4946576 0.47907004,-0.84432277 -0.34089352 0.41341343,
  -0.86531216 -0.14739795 0.47907068,-0.90956983 0.042109588 0.41341202,
  -0.8479954 0.2267089 0.47906876,-0.80921488 0.41744338 0.41341541,
  -0.67632654 0.55952682 0.47907426,-0.56153365 0.71676979 0.41342595,
  -0.38152358 0.79051692 0.47908534,-0.21158488 0.88563566 0.41337793,
  -0.017081055 0.87761898 0.47905446,0.17701957 0.89322024 0.41330579,
  0.35074392 0.80464527 0.47908734,0.53343628 0.7379749 0.41332648,
  0.64088562 0.60005816 0.47874402,0.76415365 0.49069705 0.41867124,
  0.72168521 0.37268703 0.5833308,0.83037651 0.37581179 0.41138833,
  0.87436647 0.41777038 0.24688294,0.88834306 0.45918037 0,
  0.86316214 0.39243131 -0.31772438,0.79312736 0.37668641 -0.47859831,
  0.72168521 0.37268703 -0.5833308,0.73922272 -0.52746117 -0.4187296,
  0.5975979 -0.64293282 -0.47907634,0.46293938 -0.78413163 -0.41330946,
  0.27478846 -0.83365271 -0.47907668,0.093691371 -0.90575484 -0.41331598,
  -0.098154127 -0.87227754 -0.47905913,-0.29251905 -0.86228607 -0.41339489,
  -0.45293546 -0.75188079 -0.47908741,-0.6253568 -0.66182168 -0.41342586,
  -0.72512465 -0.4946576 -0.47907004,-0.84432277 -0.34089352 -0.41341343,
  -0.86531216 -0.14739795 -0.47907068,-0.90956983 0.042109588 -0.41341202,
  -0.8479954 0.2267089 -0.47906876,-0.80921488 0.41744338 -0.41341541,
  -0.67632654 0.55952682 -0.47907426,-0.56153365 0.71676979 -0.41342595,
  -0.38152358 0.79051692 -0.47908534,-0.21158488 0.88563566 -0.41337793,
  -0.017081055 0.87761898 -0.47905446,0.17701957 0.89322024 -0.41330579,
  0.35074392 0.80464527 -0.47908734,0.53343628 0.7379749 -0.41332648,
  0.64088562 0.60005816 -0.47874402,0.7738421 0.47946324 -0.41386398,
  0.64903551 -0.69890459 0.30047509,0.64903551 -0.69890459 -0.30047509,
  0.29840772 -0.90592333 0.30042596,0.29840772 -0.90592333 -0.30042596,
  -0.10661157 -0.94781672 0.30046203,-0.10661157 -0.94781672 -0.30046203,
  -0.49207286 -0.81704206 0.30051052,-0.49207286 -0.81704206 -0.30051052,
  -0.78787547 -0.5375379 0.30050831,-0.78787547 -0.5375379 -0.30050831,
  -0.94023515 -0.16017416 0.30050309,-0.94023515 -0.16017416 -0.30050309,
  -0.92141446 0.24636002 0.30050315,-0.92141446 0.24636002 -0.30050315,
  -0.73484166 0.60803037 0.3005109,-0.73484166 0.60803037 -0.3005109,
  -0.41447368 0.85901608 0.30050447,-0.41447368 0.85901608 -0.30050447,
  -0.018551705 0.95361729 0.30044949,-0.018551705 0.95361729 -0.30044949,
  0.3808871 0.87445336 0.30042693,0.3808871 0.87445336 -0.30042693,
  0.69595768 0.65222502 0.30040877,0.69595768 0.65222502 -0.30040877,
  0.8277546 -0.56058162 -0.023886704,0.50817157 -0.86125586 0,
  0.10285374 -0.99469649 0,-0.32119261 -0.94701389 0,
  -0.68675334 -0.72689053 0,-0.92726389 -0.37440845 0,
  -0.99892993 0.046249272 0,-0.88870188 0.45848551 0,
  -0.61665105 0.78723661 0,-0.23231488 0.97264063 0,
  0.19432326 0.98093755 0,0.58557728 0.81061659 0,
  0.85291247 0.52150775 0.023874455] }
}
}
DEF SHAPE_17 Shape {
 appearance USE APP_3
 geometry DEF FACE_17 IndexedFaceSet {
  coord DEF COORD_17 Coordinate { point [
  1.6086489 0.46247894 0.49973953,1.5829284 0.45182517 0.53836702,
  1.5668285 0.44515635 0.5826778,1.5613484 0.44288644 0.62992126,
  1.5668285 0.44515635 0.67716472,1.5829284 0.45182517 0.7214755,
  1.6086489 0.46247894 0.76010299,1.6903027 0.15774326 0.49973953,
  1.6903028 -0.15774284 0.49973953,1.6086489 -0.46247894 0.49973953,
  1.5829284 -0.45182517 0.53836702,1.5668285 -0.44515635 0.5826778,
  1.5613484 -0.44288644 0.62992126,1.5668285 -0.44515635 0.67716472,
  1.5829284 -0.45182517 0.7214755,1.6086489 -0.46247894 0.76010299,
  1.6903027 0.15774326 0.76010299,1.6903028 -0.15774284 0.76010299,
  1.6454238 -0.15183454 0.5826778,1.6454238 -0.15183454 0.67716472,
  1.639543 0.15106032 0.62992126] }
 coordIndex [
  7,0,1,-1,16,4,5,-1,16,5,6,-1,10,9,8,-1,15,14,17,-1,18,8,7,-1,18,11,10,-1,18,12,11,-1,
  18,10,8,-1,19,13,12,-1,19,14,13,-1,19,16,17,-1,19,12,18,-1,19,17,14,-1,20,1,2,-1,20,2,3,-1,
  20,3,4,-1,20,18,7,-1,20,7,1,-1,20,4,16,-1,20,19,18,-1,20,16,19,-1]
  normalPerVertex TRUE
  normal DEF NORM_17 Normal { vector [
  0.78590598 0.2105832 0.58138327,0.87287651 0.26525852 0.40954184,
  0.93105311 0.2696836 0.24578621,0.96592583 0.25881905 0,
  0.90802623 0.27492877 -0.31607363,0.84399617 0.24552288 -0.4768532,
  0.78590598 0.2105832 -0.58138327,0.90209519 0.10508379 0.41854708,
  0.85391606 -0.14095382 0.50095847,0.785906 -0.21058313 0.58138327,
  0.84674919 -0.23674879 0.47640929,0.93643316 -0.25091651 0.24522204,
  0.96337122 -0.26817138 0,0.93643316 -0.25091651 -0.24522204,
  0.84674919 -0.23674879 -0.47640929,0.785906 -0.21058313 -0.58138327,
  0.90208494 0.12258184 -0.4137831,0.85391606 -0.14095382 -0.50095847,
  0.95230542 -0.1283693 0.27683155,0.95230542 -0.1283693 -0.27683155,
  0.98940931 0.14315824 0.023977967] }
}
}
DEF SHAPE_18 Shape {
 appearance USE APP_2
 geometry DEF FACE_18 IndexedFaceSet {
  coord DEF COORD_18 Coordinate { point [
  1.6086489 -0.46247894 0.76010299,1.6244771 -0.46903518 0.78384154,
  1.6345302 -0.4731993 0.81150995,1.6378821 -0.47458772 0.84055939,
  1.5128179 -0.70439461 0.84055939,1.3416114 -0.90352923 0.84055939,
  1.1319337 -1.0623762 0.8405594,0.89336634 -1.1734557 0.8405594,
  0.63679796 -1.2316879 0.84055939,0.37385112 -1.2345026 0.84055939,
  0.11634811 -1.1818555 0.84055939,-0.12419143 -1.0761729 0.84055939,
  -0.33702832 -0.92222389 0.84055939,-0.5126558 -0.72691382 0.84055939,
  -0.64321351 -0.49899183 0.84055939,-0.72284352 -0.24867379 0.84055939,
  -0.74796524 0.012809128 0.84055939,-0.7174477 0.27371688 0.84055939,
  -0.63266469 0.52233568 0.84055939,-0.49742786 0.74751164 0.84055939,
  -0.31780359 0.9391529 0.84055939,-0.10182928 1.0886746 0.84055939,
  0.14084941 1.1893678 0.84055939,0.39939703 1.2366837 0.84055939,
  0.66224309 1.2284322 0.84055939,0.91756223 1.1649021 0.8405594,
  1.1537793 1.0489099 0.8405594,1.360107 0.8857756 0.84055939,
  1.5200258 0.69383414 0.84055939,1.6378821 0.47458772 0.84055939,
  1.6086489 0.46247894 0.76010299,1.6244771 0.46903518 0.78384154,
  1.6345302 0.4731993 0.81150995,1.4848754 -0.68916823 0.76010299,
  1.3150452 -0.8850505 0.76010299,1.1069763 -1.0404207 0.76010299,
  0.87042856 -1.1477797 0.76010299,0.61647695 -1.202099 0.76010299,
  0.3569182 -1.2009267 0.76010299,0.10371953 -1.1444003 0.76010299,
  -0.13150069 -1.0351832 0.76010299,-0.3379672 -0.87832676 0.76010299,
  -0.5062147 -0.68104717 0.76010299,-0.62851301 -0.4524121 0.76010299,
  -0.69922851 -0.20293857 0.76010299,-0.71509682 0.05588549 0.76010299,
  -0.67538468 0.31213439 0.76010299,-0.58192664 0.55400312 0.76010299,
  -0.43903345 0.77035883 0.76010299,-0.25328016 0.95125366 0.76010299,
  -0.033192292 1.0883725 0.76010299,0.21114614 1.1753976 0.76010299,
  0.46853801 1.2082832 0.76010299,0.72715283 1.1854406 0.76010299,
  0.97503146 1.1078432 0.76010299,1.2006179 0.97905775 0.76010299,
  1.393328 0.80519643 0.76010299,1.5156205 0.64262266 0.76010299,
  1.4057781 -0.82641881 0.79733199,1.0735522 -1.0861317 0.79733199,
  0.67301387 -1.2186087 0.79733199,0.25156793 -1.2082474 0.79733199,
  -0.14145098 -1.0565591 0.79733199,-0.46029809 -0.78142248 0.79733199,
  -0.66784338 -0.41497171 0.79733199,-0.73983668 0 0.79733199,
  -0.66784338 0.41497171 0.79733199,-0.46029809 0.78142248 0.79733199,
  -0.14145098 1.0565591 0.79733199,0.25156793 1.2082474 0.79733199,
  0.67301387 1.2186087 0.79733199,1.0735522 1.0861317 0.79733199,
  1.4057781 0.82641881 0.79733199] }
 coordIndex [
  33,0,1,-1,4,1,2,-1,4,2,3,-1,4,33,1,-1,6,35,34,-1,6,34,5,-1,9,38,37,-1,9,37,8,-1,
  11,40,39,-1,11,39,10,-1,12,41,40,-1,14,42,13,-1,14,43,42,-1,17,45,16,-1,17,46,45,-1,19,47,18,-1,
  19,48,47,-1,20,49,48,-1,22,50,21,-1,22,51,50,-1,24,52,23,-1,25,53,24,-1,25,54,53,-1,27,55,26,-1,
  27,56,55,-1,28,57,56,-1,31,30,57,-1,32,31,57,-1,29,57,28,-1,29,32,57,-1,58,4,5,-1,58,34,33,-1,
  58,33,4,-1,58,5,34,-1,59,6,7,-1,59,36,35,-1,59,35,6,-1,59,7,36,-1,60,7,8,-1,60,37,36,-1,
  60,36,7,-1,60,8,37,-1,61,9,10,-1,61,39,38,-1,61,38,9,-1,61,10,39,-1,62,12,40,-1,62,11,12,-1,
  62,40,11,-1,63,41,12,-1,63,13,42,-1,63,12,13,-1,63,42,41,-1,64,43,14,-1,64,14,15,-1,64,15,44,-1,
  64,44,43,-1,65,15,16,-1,65,44,15,-1,65,16,45,-1,65,45,44,-1,66,17,18,-1,66,46,17,-1,66,18,47,-1,
  66,47,46,-1,67,19,20,-1,67,20,48,-1,67,48,19,-1,68,20,21,-1,68,49,20,-1,68,21,50,-1,68,50,49,-1,
  69,22,23,-1,69,51,22,-1,69,23,52,-1,69,52,51,-1,70,52,24,-1,70,53,52,-1,70,24,53,-1,71,25,26,-1,
  71,26,55,-1,71,55,54,-1,71,54,25,-1,72,27,28,-1,72,56,27,-1,72,28,56,-1]
  normalPerVertex TRUE
  normal DEF NORM_18 Normal { vector [
  0.71309689 -0.38935458 -0.58300586,0.78921768 -0.45570601 -0.41166429,
  0.8445504 -0.47554148 -0.24616035,0.87165623 -0.47436777 -0.12325033,
  0.80395206 -0.52410785 -0.28101965,0.63306831 -0.72257376 -0.27768988,
  0.54045941 -0.77996288 -0.31553373,0.3066897 -0.91489513 -0.26250396,
  0.066940415 -0.95848495 -0.27717428,-0.042734894 -0.94891779 -0.312616,
  -0.31469016 -0.90822532 -0.27585662,-0.41551915 -0.84938816 -0.32539757,
  -0.61866658 -0.72004722 -0.3142987,-0.80346894 -0.53397368 -0.26326747,
  -0.84734644 -0.42777536 -0.31466214,-0.94841501 -0.1763271 -0.26347244,
  -0.96144014 0.058368184 -0.26874896,-0.93341744 0.17278766 -0.31444603,
  -0.86190497 0.43391791 -0.2623644,-0.7858089 0.52799879 -0.32205846,
  -0.6265667 0.71348405 -0.31361551,-0.42520926 0.86889311 -0.25342029,
  -0.3076806 0.89773855 -0.31527473,-0.049691167 0.96071779 -0.27304234,
  0.12149721 0.94983045 -0.28820227,0.2997002 0.89974425 -0.31723821,
  0.54654023 0.79855582 -0.25219514,0.62865406 0.70664723 -0.32472106,
  0.78549952 0.52429523 -0.32879328,0.83482862 0.47081889 -0.28529063,
  0.72134921 0.37251352 -0.583857,0.77270104 0.41939976 -0.47648394,
  0.82696595 0.50606897 -0.2449929,0.74123593 -0.48969883 -0.45909079,
  0.57635258 -0.70178759 -0.41870262,0.49438011 -0.74485463 -0.44808468,
  0.27794283 -0.84138514 -0.46348552,0.031725106 -0.90988419 -0.41364753,
  -0.064456557 -0.88840988 -0.4545033,-0.33134086 -0.84678354 -0.41613805,
  -0.48022314 -0.76903527 -0.42186549,-0.59731336 -0.66552844 -0.44753619,
  -0.77730707 -0.47060958 -0.41751688,-0.80435456 -0.37426913 -0.46145027,
  -0.87470334 -0.1507556 -0.46061569,-0.90623076 0.097533024 -0.41137954,
  -0.86456662 0.19450338 -0.46334975,-0.7914924 0.44817578 -0.41554573,
  -0.68643952 0.58167176 -0.4364158,-0.56874801 0.68727101 -0.45186753,
  -0.35614615 0.83697459 -0.41549183,-0.24944083 0.84626709 -0.47075609,
  -0.011987896 0.90850637 -0.41769902,0.22551218 0.884387 -0.4086611,
  0.31969495 0.82359304 -0.46849723,0.55724341 0.71977397 -0.41401114,
  0.66374878 0.60716811 -0.43678879,0.79466192 0.4883115 -0.36064429,
  0.70441103 -0.60815129 -0.36600152,0.38874231 -0.84553439 -0.36599318,
  0.2003572 -0.90879672 -0.36598568,-0.1945448 -0.91005942 -0.36598383,
  -0.55150852 -0.76246902 -0.33834795,-0.70004367 -0.61317843 -0.36599328,
  -0.89116889 -0.26807823 -0.36599464,-0.92774263 -0.07308801 -0.36599421,
  -0.87465627 0.31784629 -0.36599201,-0.69175141 0.64837467 -0.31794697,
  -0.51117988 0.77765091 -0.36599753,-0.14294486 0.91956963 -0.36600336,
  0.079893637 0.90452331 -0.41887299,0.43583337 0.82225389 -0.36598881,
  0.73091113 0.60896922 -0.30809968] }
}
}
DEF SHAPE_19 Shape {
 appearance USE APP_3
 geometry DEF FACE_19 IndexedFaceSet {
  coord DEF COORD_19 Coordinate { point [
  1.6086489 0.46247894 0.76010299,1.6244771 0.46903518 0.78384154,
  1.6345302 0.4731993 0.81150995,1.6378821 0.47458772 0.84055939,
  1.7216738 0.16187335 0.84055939,1.7216739 -0.1618729 0.84055939,
  1.6378821 -0.47458772 0.84055939,1.6086489 -0.46247894 0.76010299,
  1.6244771 -0.46903518 0.78384154,1.6345302 -0.4731993 0.81150995,
  1.6903027 0.15774326 0.76010299,1.6903028 -0.15774284 0.76010299,
  1.7240881 2.5061413e-07 0.79733199] }
 coordIndex [
  10,0,1,-1,10,1,2,-1,4,2,3,-1,4,10,2,-1,8,7,11,-1,9,11,5,-1,9,8,11,-1,6,9,5,-1,
  12,4,5,-1,12,11,10,-1,12,10,4,-1,12,5,11,-1]
  normalPerVertex TRUE
  normal DEF NORM_19 Normal { vector [
  0.78554251 0.21048581 -0.58190952,0.85309896 0.21659322 -0.47466782,
  0.92079849 0.22809786 -0.31638822,0.95860463 0.25685774 -0.12288719,
  0.95675969 0.15793081 -0.24427187,0.95675972 -0.1579306 -0.24427192,
  0.95860466 -0.25685764 -0.12288719,0.78554253 -0.21048574 -0.58190951,
  0.85309898 -0.21659315 -0.47466781,0.92079851 -0.22809779 -0.3163882,
  0.87330971 0.15529435 -0.46175082,0.87330977 -0.15529418 -0.46175076,
  0.93168168 2.4311196e-07 -0.36327571] }
}
}
DEF SHAPE_20 Shape {
 appearance USE APP_2
 geometry DEF FACE_20 IndexedFaceSet {
  coord DEF COORD_20 Coordinate { point [
  1.6378821 -0.47458772 2.4015748,1.4849232 -0.74319868 2.4015748,
  1.2702864 -0.96563813 2.4015748,1.007306 -1.1280869 2.4015748,
  0.71231991 -1.2204529 2.4015748,0.40365416 -1.2369977 2.4015748,
  0.10048476 -1.1766936 2.4015748,-0.17835377 -1.0432869 2.4015748,
  -0.41553848 -0.84506556 2.4015748,-0.59633418 -0.59434422 2.4015748,
  -0.70950886 -0.30669901 2.4015748,-0.7480315 0 2.4015748,
  -0.70950886 0.30669901 2.4015748,-0.59633418 0.59434422 2.4015748,
  -0.41553848 0.84506556 2.4015748,-0.17835377 1.0432869 2.4015748,
  0.10048476 1.1766936 2.4015748,0.40365416 1.2369977 2.4015748,
  0.71231991 1.2204529 2.4015748,1.007306 1.1280869 2.4015748,
  1.2702864 0.96563813 2.4015748,1.4849232 0.74319868 2.4015748,
  1.6378821 0.47458772 2.4015748,1.6378821 0.47458772 0.84055939,
  1.6378821 -0.47458772 0.84055939,1.5128179 -0.70439461 0.84055939,
  1.3416114 -0.90352923 0.84055939,1.1319337 -1.0623762 0.8405594,
  0.89336634 -1.1734557 0.8405594,0.63679796 -1.2316879 0.84055939,
  0.37385112 -1.2345026 0.84055939,0.11634811 -1.1818555 0.84055939,
  -0.12419143 -1.0761729 0.84055939,-0.33702832 -0.92222389 0.84055939,
  -0.5126558 -0.72691382 0.84055939,-0.64321351 -0.49899183 0.84055939,
  -0.72284352 -0.24867379 0.84055939,-0.74796524 0.012809128 0.84055939,
  -0.7174477 0.27371688 0.84055939,-0.63266469 0.52233568 0.84055939,
  -0.49742786 0.74751164 0.84055939,-0.31780359 0.9391529 0.84055939,
  -0.10182928 1.0886746 0.84055939,0.14084941 1.1893678 0.84055939,
  0.39939703 1.2366837 0.84055939,0.66224309 1.2284322 0.84055939,
  0.91756223 1.1649021 0.8405594,1.1537793 1.0489099 0.8405594,
  1.360107 0.8857756 0.84055939,1.5200258 0.69383414 0.84055939] }
 coordIndex [
  22,23,49,-1,21,49,48,-1,21,22,49,-1,20,48,47,-1,20,21,48,-1,19,47,46,-1,19,20,47,-1,18,46,45,-1,
  18,19,46,-1,17,44,43,-1,17,45,44,-1,17,18,45,-1,16,43,42,-1,16,17,43,-1,15,42,41,-1,15,16,42,-1,
  14,41,40,-1,14,15,41,-1,13,40,39,-1,13,14,40,-1,12,39,38,-1,12,13,39,-1,11,12,38,-1,11,37,36,-1,
  11,38,37,-1,10,36,35,-1,10,11,36,-1,9,10,35,-1,9,35,34,-1,8,9,34,-1,8,34,33,-1,7,8,33,-1,
  7,33,32,-1,6,7,32,-1,6,31,30,-1,6,32,31,-1,5,6,30,-1,5,30,29,-1,4,29,28,-1,4,5,29,-1,
  3,28,27,-1,3,4,28,-1,2,27,26,-1,2,3,27,-1,1,26,25,-1,1,2,26,-1,0,25,24,-1,0,1,25,-1]
  normalPerVertex TRUE
  normal DEF NORM_20 Normal { vector [
  0.87331834 -0.48714682 0.0017481202,0.7882467 -0.61535543 0.002197315,
  0.62043874 -0.78424998 0.0027825022,0.41742233 -0.90870793 0.0029168413,
  0.19073477 -0.98163815 0.0026040295,-0.046754262 -0.99890472 0.0018428172,
  -0.3099009 -0.95076731 0.0017167817,-0.55443786 -0.83222153 0.0024458341,
  -0.73541846 -0.67760709 0.002883901,-0.87472868 -0.48460452 0.0028643885,
  -0.96448085 -0.264142 0.0023882435,-0.99998723 0.0047506679 0.0017220606,
  -0.96282845 0.27010673 0.0019334821,-0.87171167 0.49001193 0.00266025,
  -0.73120791 0.68214837 0.0029303255,-0.54927365 0.83563804 0.0027427117,
  -0.33620714 0.94178573 0.0020970864,-0.072891987 0.99733836 0.0017169061,
  0.19682531 0.98043602 0.0022382134,0.42305995 0.90609737 0.0027992031,
  0.62529515 0.78038291 0.0029132084,0.79142344 0.61126259 0.0026424366,
  0.87432005 0.48534503 0.0021563161,0.8808054 0.47347846 0,
  0.87835313 -0.47801232 0,0.84073788 -0.54144223 0.00036187816,
  0.69796946 -0.7161275 -0.00019039453,0.51946949 -0.85448889 -0.00043172507,
  0.31439292 -0.94929287 -0.00037642497,0.093280805 -0.99563984 -2.837476e-05,
  -0.13254279 -0.99117709 0.00061282144,-0.30296316 -0.95300226 7.2625465e-05,
  -0.47295085 -0.8810888 0.00013149561,-0.65853009 -0.75255434 -0.00029526346,
  -0.81054397 -0.58567763 -0.00043052225,-0.92125443 -0.38896041 -0.00027251872,
  -0.98502292 -0.17242339 0.00017938978,-0.99994666 0.010328546 4.2311341e-05,
  -0.98270132 0.18519666 0.00055169667,-0.91612882 0.400884 -6.11e-05,
  -0.80287561 0.59614647 -0.00037987388,-0.64870794 0.76103735 -0.00040542422,
  -0.46147201 0.88715476 -0.00013964633,-0.25069851 0.96806512 0.00041618872,
  -0.074713699 0.99720503 3.1568871e-06,0.10622085 0.99434252 0.00028709687,
  0.32671408 0.9451232 -0.00022062635,0.53053629 0.84766211 -0.00043550104,
  0.70504782 0.70915975 -0.0001122182,0.84470954 0.53522469 0.00057434642] }
}
}
DEF SHAPE_21 Shape {
 appearance USE APP_3
 geometry DEF FACE_21 IndexedFaceSet {
  coord DEF COORD_21 Coordinate { point [
  1.6378821 0.47458772 2.4015748,1.7216737 0.16187303 2.4015748,
  1.7216737 -0.16187303 2.4015748,1.6378821 -0.47458772 2.4015748,
  1.6378821 -0.47458772 0.84055939,1.6378821 0.47458772 0.84055939,
  1.7216738 0.16187335 0.84055939,1.7216739 -0.1618729 0.84055939,
  1.7283715 -0.098425197 0.94448819,1.7283715 -0.098425197 1.5358268,
  1.7322834 -0.00039370079 1.6338583,1.7320329 -0.024927121 1.6307388,
  1.7313867 -0.047153796 1.6219875,1.730519 -0.066131905 1.60855,
  1.7296265 -0.081135458 1.591423,1.7288928 -0.091643418 1.571655,
  1.7285049 -0.096734966 1.5539524,1.7322835 -0.0001312336 1.6338583,
  1.7322835 0.0001312336 1.6338583,1.7322834 0.00039370079 1.6338583,
  1.7283715 0.098425197 1.5358268,1.7286074 0.095415789 1.5599302,
  1.7292712 0.086384459 1.5828987,1.7302147 0.071602798 1.6032021,
  1.7312063 0.051676298 1.6193748,1.7319182 0.030097612 1.6292497,
  1.7321854 0.015597576 1.6326721,1.7283715 0.098425197 0.94448819,
  1.7286074 0.095415789 0.92038473,1.7292712 0.086384459 0.89741629,
  1.7302147 0.071602798 0.87711283,1.7312063 0.051676298 0.86094018,
  1.7319182 0.030097612 0.85106521,1.7321854 0.015597576 0.84764288,
  1.7322834 0.00039370079 0.84645669,1.7322834 -0.00039370079 0.84645669,
  1.7322835 -0.0001312336 0.84645669,1.7322835 0.0001312336 0.84645669,
  1.7320329 -0.024927121 0.8495762,1.7313867 -0.047153796 0.85832748,
  1.730519 -0.066131905 0.871765,1.7296265 -0.081135458 0.88889193,
  1.7288928 -0.091643418 0.90865997,1.7285049 -0.096734966 0.92636261] }
 coordIndex [
  43,7,42,-1,41,42,7,-1,8,7,43,-1,40,41,7,-1,39,40,7,-1,38,39,7,-1,35,38,7,-1,6,27,28,-1,
  6,28,29,-1,6,29,30,-1,6,30,31,-1,6,31,32,-1,6,32,33,-1,6,33,34,-1,9,3,4,-1,9,4,7,-1,
  9,7,8,-1,16,3,9,-1,20,27,6,-1,5,20,6,-1,2,11,10,-1,2,12,11,-1,2,13,12,-1,2,14,13,-1,
  2,15,14,-1,2,16,15,-1,2,10,17,-1,2,3,16,-1,1,2,17,-1,1,17,18,-1,1,18,19,-1,1,22,21,-1,
  1,23,22,-1,1,24,23,-1,1,25,24,-1,1,26,25,-1,1,19,26,-1,0,20,5,-1,0,21,20,-1,0,1,21,-1,
  7,6,34,-1,7,34,37,-1,7,37,36,-1,7,36,35,-1]
  normalPerVertex TRUE
  normal DEF NORM_21 Normal { vector [
  0.97049322 0.2411012 -0.0036213149,0.99230657 0.12380136 0.00094668702,
  0.99225913 -0.12417999 0.0010693531,0.97042741 -0.24136584 -0.0036301007,
  0.97059912 -0.2406704 0.0038865905,0.97059912 0.24067042 0.003886602,
  0.9733161 0.22945253 -0.0027042986,0.9733164 -0.22945094 -0.002730445,
  0.99448698 -0.10486007 -7.31217e-05,0.97208655 -0.23459175 0.0038003749,
  0.99986857 -0.011535738 0.011391547,0.99972047 -0.02160769 0.0095963285,
  0.9991692 -0.040227906 0.0065290443,0.99843858 -0.055685913 0.0044134366,
  0.99768319 -0.067964182 0.0030205476,0.99703727 -0.076889466 0.0021661235,
  0.96713672 -0.25401303 -0.01113304,0.99990452 -1.7128646e-07 0.013818475,
  0.99990482 0.00010580991 0.013796223,0.99989799 0.0072834319 0.012286372,
  0.97213521 0.23438876 0.0038774948,0.96794116 0.25094042 -0.010900477,
  0.99739665 0.072063241 0.0026112045,0.99820422 0.059774253 0.0039201744,
  0.99898357 0.044690757 0.0058784619,0.99951345 0.030115347 0.0081196334,
  0.99984142 0.014000635 0.011005309,0.99449681 0.10476676 -0.00013107958,
  0.99527624 0.096912035 -0.005767109,0.99580927 0.090548186 -0.012842629,
  0.99615435 0.08348365 -0.026589159,0.99556453 0.075818781 -0.055702557,
  0.99137856 0.068148704 -0.11191205,0.95829042 0.055285652 -0.28039788,
  0.52185031 0.0031339599 -0.85303132,0.94485246 -0.050260159 -0.32361665,
  0 0 1,0 0 1,
  0.98280767 -0.062913847 -0.17358262,0.99491545 -0.073585148 -0.068763964,
  0.99614542 -0.081274894 -0.032995413,0.99597927 -0.087969919 -0.01692888,
  0.99557836 -0.093490773 -0.0091211217,0.99509901 -0.098793289 -0.0042235362] }
}
}
DEF SHAPE_22 Shape {
 appearance USE APP_2
 geometry DEF FACE_22 IndexedFaceSet {
  coord DEF COORD_22 Coordinate { point [
  1.6378821 -0.47458772 2.4015748,1.6354033 -0.47356098 2.4219543,
  1.6281359 -0.47055072 2.4409449,1.6165752 -0.4657621 2.4572525,
  1.6015089 -0.45952144 2.4697658,1.5839638 -0.45225405 2.477632,
  1.5651357 -0.44445517 2.480315,1.4135403 -0.70702607 2.480315,
  1.1991521 -0.92141431 2.480315,0.93658115 -1.0730097 2.480315,
  0.64372136 -1.1514812 2.480315,0.3405306 -1.1514812 2.480315,
  0.047670817 -1.0730097 2.480315,-0.21490008 -0.92141431 2.480315,
  -0.42928833 -0.70702607 2.480315,-0.58088371 -0.44445517 2.480315,
  -0.65935525 -0.15159538 2.480315,-0.65935525 0.15159538 2.480315,
  -0.58088371 0.44445517 2.480315,-0.42928833 0.70702607 2.480315,
  -0.21490008 0.92141431 2.480315,0.047670817 1.0730097 2.480315,
  0.3405306 1.1514812 2.480315,0.64372136 1.1514812 2.480315,
  0.93658115 1.0730097 2.480315,1.1991521 0.92141431 2.480315,
  1.4135403 0.70702607 2.480315,1.5651357 0.44445517 2.480315,
  1.6378821 0.47458772 2.4015748,1.6354033 0.47356098 2.4219543,
  1.6281359 0.47055072 2.4409449,1.6165752 0.4657621 2.4572525,
  1.6015089 0.45952144 2.4697658,1.5839638 0.45225405 2.477632,
  1.4849232 -0.74319868 2.4015748,1.2702864 -0.96563813 2.4015748,
  1.007306 -1.1280869 2.4015748,0.71231991 -1.2204529 2.4015748,
  0.40365416 -1.2369977 2.4015748,0.10048476 -1.1766936 2.4015748,
  -0.17835377 -1.0432869 2.4015748,-0.41553848 -0.84506556 2.4015748,
  -0.59633418 -0.59434422 2.4015748,-0.70950886 -0.30669901 2.4015748,
  -0.7480315 0 2.4015748,-0.70950886 0.30669901 2.4015748,
  -0.59633418 0.59434422 2.4015748,-0.41553848 0.84506556 2.4015748,
  -0.17835377 1.0432869 2.4015748,0.10048476 1.1766936 2.4015748,
  0.40365416 1.2369977 2.4015748,0.71231991 1.2204529 2.4015748,
  1.007306 1.1280869 2.4015748,1.2702864 0.96563813 2.4015748,
  1.4849232 0.74319868 2.4015748,1.4827753 0.74159082 2.4219543,
  1.4764781 0.73687679 2.4409449,1.4664607 0.72937786 2.4572525,
  1.4534058 0.71960507 2.4697658,1.438203 0.70822441 2.477632,
  1.2686029 0.96354903 2.4219543,1.2636671 0.9574241 2.4409449,
  1.2558154 0.94768074 2.4572525,1.2455829 0.93498295 2.4697658,
  1.2336668 0.92019606 2.477632,1.0061915 1.1256464 2.4219543,
  1.0029237 1.1184911 2.4409449,0.99772553 1.1071086 2.4572525,
  0.9909511 1.0922746 2.4697658,0.98306211 1.0750002 2.477632,
  0.71184353 1.2178125 2.4219543,0.71044687 1.2100713 2.4409449,
  0.7082251 1.1977568 2.4572525,0.70532963 1.1817083 2.4697658,
  0.70195778 1.1630194 2.477632,0.40384557 1.2343215 2.4219543,
  0.40440673 1.2264754 2.4409449,0.40529942 1.213994 2.4572525,
  0.40646279 1.1977279 2.4697658,0.40781757 1.1787857 2.477632,
  0.10133206 1.1741479 2.4219543,0.10381619 1.1666842 2.4409449,
  0.10776788 1.1548113 2.4572525,0.11291782 1.1393382 2.4697658,
  0.11891505 1.1213194 2.477632,0.026363884 1.1244492 2.4572525,
  0.03260454 1.1093829 2.4697658,0.039871938 1.0918379 2.477632,
  -0.17690323 1.0410298 2.4219543,-0.17265045 1.0344123 2.4409449,
  -0.16588526 1.0238855 2.4572525,-0.1570687 1.0101666 2.4697658,
  -0.14680159 0.99419071 2.477632,-0.24879452 0.9655864 2.4572525,
  -0.23886707 0.9526487 2.4697658,-0.22730631 0.93758242 2.477632,
  -0.4135748 0.84323731 2.4219543,-0.40781759 0.83787715 2.4409449,
  -0.3986592 0.82935038 2.4572525,-0.38672374 0.81823808 2.4697658,
  -0.3728246 0.80529752 2.477632,-0.47346042 0.7409205 2.4572525,
  -0.46052271 0.73099305 2.4697658,-0.44545643 0.71943229 2.477632,
  -0.59397936 0.59305839 2.4219543,-0.58707539 0.58928853 2.4409449,
  -0.57609274 0.58329156 2.4572525,-0.56177989 0.57547615 2.4697658,
  -0.54511222 0.56637491 2.477632,-0.6323232 0.4657621 2.4572525,
  -0.61725692 0.45952144 2.4697658,-0.59971187 0.45225405 2.477632,
  -0.70690919 0.30603548 2.4219543,-0.69928736 0.30409013 2.4409449,
  -0.68716278 0.30099551 2.4572525,-0.67136172 0.29696253 2.4697658,
  -0.65296099 0.29226602 2.477632,-0.71455662 0.15886278 2.4572525,
  -0.69838851 0.15673421 2.4697658,-0.67956036 0.15425543 2.477632,
  -0.74534849 0 2.4219543,-0.73748232 0 2.4409449,
  -0.72496904 0 2.4572525,-0.70866142 0 2.4697658,
  -0.68967079 0 2.477632,-0.71455662 -0.15886278 2.4572525,
  -0.69838851 -0.15673421 2.4697658,-0.67956036 -0.15425543 2.477632,
  -0.70690919 -0.30603548 2.4219543,-0.69928736 -0.30409013 2.4409449,
  -0.68716278 -0.30099551 2.4572525,-0.67136172 -0.29696253 2.4697658,
  -0.65296099 -0.29226602 2.477632,-0.6323232 -0.4657621 2.4572525,
  -0.61725692 -0.45952144 2.4697658,-0.59971187 -0.45225405 2.477632,
  -0.59397936 -0.59305839 2.4219543,-0.58707539 -0.58928853 2.4409449,
  -0.57609274 -0.58329156 2.4572525,-0.56177989 -0.57547615 2.4697658,
  -0.54511222 -0.56637491 2.477632,-0.47346042 -0.7409205 2.4572525,
  -0.46052271 -0.73099305 2.4697658,-0.44545643 -0.71943229 2.477632,
  -0.4135748 -0.84323731 2.4219543,-0.40781759 -0.83787715 2.4409449,
  -0.3986592 -0.82935038 2.4572525,-0.38672374 -0.81823808 2.4697658,
  -0.3728246 -0.80529752 2.477632,-0.24879452 -0.9655864 2.4572525,
  -0.23886707 -0.9526487 2.4697658,-0.22730631 -0.93758242 2.477632,
  -0.17690323 -1.0410298 2.4219543,-0.17265045 -1.0344123 2.4409449,
  -0.16588526 -1.0238855 2.4572525,-0.1570687 -1.0101666 2.4697658,
  -0.14680159 -0.99419071 2.477632,0.026363884 -1.1244492 2.4572525,
  0.03260454 -1.1093829 2.4697658,0.039871938 -1.0918379 2.477632,
  0.10133206 -1.1741479 2.4219543,0.10381619 -1.1666842 2.4409449,
  0.10776788 -1.1548113 2.4572525,0.11291782 -1.1393382 2.4697658,
  0.11891505 -1.1213194 2.477632,0.33326321 -1.2066826 2.4572525,
  0.33539178 -1.1905145 2.4697658,0.33787055 -1.1716863 2.477632,
  0.65262207 -1.2190888 2.4409449,0.65098876 -1.2066826 2.4572525,
  0.64886019 -1.1905145 2.4697658,0.64638142 -1.1716863 2.477632,
  0.96267671 -1.1360099 2.4409449,0.95788808 -1.1244492 2.4572525,
  0.95164743 -1.1093829 2.4697658,0.94438003 -1.0918379 2.477632,
  1.2406641 -0.97551385 2.4409449,1.2330465 -0.9655864 2.4572525,
  1.223119 -0.9526487 2.4697658,1.2115583 -0.93758242 2.477632,
  1.4738805 -0.75332673 2.4219543,1.4676398 -0.74853811 2.4409449,
  1.4577124 -0.7409205 2.4572525,1.4447747 -0.73099305 2.4697658,
  1.4297084 -0.71943229 2.477632] }
 coordIndex [
  54,29,28,-1,50,23,51,-1,49,22,50,-1,10,11,38,-1,9,10,37,-1,1,34,0,-1,2,34,1,-1,3,34,2,-1,
  55,29,54,-1,56,30,29,-1,56,29,55,-1,57,31,30,-1,57,30,56,-1,58,32,31,-1,58,31,57,-1,58,57,26,-1,
  59,26,27,-1,59,33,32,-1,59,27,33,-1,59,32,58,-1,59,58,26,-1,60,55,54,-1,60,54,53,-1,61,56,55,-1,
  61,55,60,-1,62,57,56,-1,62,61,25,-1,62,56,61,-1,62,26,57,-1,63,62,25,-1,63,26,62,-1,64,25,26,-1,
  64,63,25,-1,64,26,63,-1,65,60,53,-1,65,53,52,-1,66,65,24,-1,66,61,60,-1,66,60,65,-1,66,25,61,-1,
  67,25,66,-1,67,66,24,-1,68,67,24,-1,68,25,67,-1,69,24,25,-1,69,68,24,-1,69,25,68,-1,70,52,51,-1,
  70,65,52,-1,70,24,65,-1,70,51,23,-1,71,70,23,-1,71,24,70,-1,72,24,71,-1,72,71,23,-1,73,72,23,-1,
  73,24,72,-1,74,24,73,-1,74,23,24,-1,74,73,23,-1,75,23,50,-1,75,50,22,-1,76,75,22,-1,76,23,75,-1,
  77,76,22,-1,77,23,76,-1,78,77,22,-1,78,23,77,-1,79,22,23,-1,79,78,22,-1,79,23,78,-1,80,22,49,-1,
  81,22,80,-1,82,22,81,-1,83,22,82,-1,84,21,22,-1,84,22,83,-1,85,49,48,-1,85,80,49,-1,85,81,80,-1,
  85,82,81,-1,86,82,85,-1,86,83,82,-1,87,21,84,-1,87,84,83,-1,87,83,86,-1,88,85,48,-1,89,85,88,-1,
  90,85,89,-1,90,86,85,-1,91,86,90,-1,92,21,87,-1,92,87,86,-1,92,86,91,-1,92,20,21,-1,93,89,88,-1,
  93,90,89,-1,93,48,47,-1,93,88,48,-1,94,90,93,-1,94,91,90,-1,94,92,91,-1,95,20,92,-1,95,92,94,-1,
  96,93,47,-1,97,93,96,-1,98,93,97,-1,99,94,93,-1,99,93,98,-1,100,19,20,-1,100,20,95,-1,100,95,94,-1,
  100,94,99,-1,101,97,96,-1,101,98,97,-1,101,47,46,-1,101,96,47,-1,102,98,101,-1,102,99,98,-1,103,19,100,-1,
  103,100,99,-1,103,99,102,-1,104,101,46,-1,105,101,104,-1,106,101,105,-1,107,102,101,-1,107,101,106,-1,108,18,19,-1,
  108,19,103,-1,108,103,102,-1,108,102,107,-1,109,104,46,-1,109,46,45,-1,109,105,104,-1,109,106,105,-1,110,107,106,-1,
  110,106,109,-1,111,18,108,-1,111,108,107,-1,111,107,110,-1,112,109,45,-1,113,109,112,-1,114,110,109,-1,114,109,113,-1,
  115,110,114,-1,116,17,18,-1,116,18,111,-1,116,111,110,-1,116,110,115,-1,117,112,45,-1,117,45,44,-1,117,113,112,-1,
  117,114,113,-1,118,115,114,-1,118,114,117,-1,119,17,116,-1,119,116,115,-1,119,115,118,-1,120,117,44,-1,121,117,120,-1,
  122,117,121,-1,123,117,122,-1,123,118,117,-1,124,118,123,-1,124,16,17,-1,124,17,119,-1,124,119,118,-1,125,121,120,-1,
  125,122,121,-1,125,120,44,-1,125,44,43,-1,126,122,125,-1,126,123,122,-1,127,123,126,-1,127,124,123,-1,127,16,124,-1,
  128,125,43,-1,129,125,128,-1,130,125,129,-1,131,126,125,-1,131,125,130,-1,132,15,16,-1,132,127,126,-1,132,16,127,-1,
  132,126,131,-1,133,128,43,-1,133,129,128,-1,133,130,129,-1,133,43,42,-1,134,131,130,-1,134,130,133,-1,135,15,132,-1,
  135,132,131,-1,135,131,134,-1,136,133,42,-1,137,133,136,-1,138,133,137,-1,139,134,133,-1,139,133,138,-1,140,14,15,-1,
  140,135,134,-1,140,15,135,-1,140,134,139,-1,141,42,41,-1,141,136,42,-1,141,137,136,-1,141,138,137,-1,142,139,138,-1,
  142,138,141,-1,143,14,140,-1,143,140,139,-1,143,139,142,-1,144,141,41,-1,145,141,144,-1,146,141,145,-1,147,142,141,-1,
  147,141,146,-1,148,13,14,-1,148,142,147,-1,148,14,143,-1,148,143,142,-1,149,41,40,-1,149,144,41,-1,149,145,144,-1,
  149,146,145,-1,150,147,146,-1,150,146,149,-1,151,13,148,-1,151,148,147,-1,151,147,150,-1,152,149,40,-1,153,149,152,-1,
  154,149,153,-1,155,149,154,-1,155,150,149,-1,156,150,155,-1,156,12,13,-1,156,151,150,-1,156,13,151,-1,157,155,154,-1,
  157,40,39,-1,157,152,40,-1,157,153,152,-1,157,154,153,-1,158,155,157,-1,159,155,158,-1,159,156,155,-1,159,12,156,-1,
  160,157,39,-1,161,157,160,-1,162,158,157,-1,162,157,161,-1,163,158,162,-1,164,11,12,-1,164,12,159,-1,164,158,163,-1,
  164,159,158,-1,165,160,39,-1,165,161,160,-1,165,162,161,-1,165,39,38,-1,166,163,162,-1,166,162,165,-1,166,165,38,-1,
  167,11,164,-1,167,164,163,-1,167,163,166,-1,167,38,11,-1,167,166,38,-1,168,38,37,-1,169,38,168,-1,169,168,37,-1,
  170,38,169,-1,170,169,37,-1,171,10,38,-1,171,37,10,-1,171,38,170,-1,171,170,37,-1,172,37,36,-1,173,37,172,-1,
  173,172,36,-1,174,37,173,-1,174,173,36,-1,175,8,9,-1,175,9,37,-1,175,37,174,-1,175,174,36,-1,176,36,35,-1,
  177,36,176,-1,177,176,35,-1,178,177,35,-1,178,36,177,-1,179,8,175,-1,179,175,36,-1,179,36,178,-1,180,35,34,-1,
  181,35,180,-1,181,180,34,-1,182,35,181,-1,182,34,3,-1,182,181,34,-1,183,3,4,-1,183,35,182,-1,183,178,35,-1,
  183,182,3,-1,184,4,5,-1,184,5,6,-1,184,6,7,-1,184,7,8,-1,184,8,179,-1,184,179,178,-1,184,183,4,-1,
  184,178,183,-1]
  normalPerVertex TRUE
  normal DEF NORM_22 Normal { vector [
  0.86166477 -0.49066985 0.12952574,0.83558374 -0.48572317 0.25665699,
  0.73779017 -0.45900686 0.49495289,0.70104447 -0.41356941 0.58094491,
  0.40277947 -0.23254484 0.88526358,0.22594687 -0.13045048 0.96536557,
  0.11399758 -0.065816532 0.99129851,0.10355339 -0.079459311 0.99144486,
  0.079459311 -0.10355339 0.99144486,0.12206593 -0.55453907 0.82315632,
  0.082722602 -0.63486687 0.76818034,0.021173998 -0.53413088 0.84513659,
  -0.040849612 -0.093908066 0.99474247,-0.062374553 -0.079023302 0.99491946,
  -0.079456673 -0.059743444 0.99504641,-0.09130253 -0.037192389 0.99512842,
  -0.097365016 -0.012624591 0.99516867,-0.097365016 0.012624591 0.99516867,
  -0.09130253 0.037192389 0.99512842,-0.079456673 0.059743444 0.99504641,
  -0.062374553 0.079023302 0.99491946,-0.040849612 0.093908066 0.99474247,
  -0.12704825 0.64600712 0.75268423,0.037036617 0.65946125 0.75082564,
  0.16972327 0.53459162 0.82789239,0.24087178 0.38421148 0.89127006,
  0.24863538 0.23400325 0.93990581,0.10941665 0.062744698 0.99201366,
  0.86166477 0.49066985 0.12952574,0.83987434 0.47826142 0.25666535,
  0.73457804 0.41830107 0.53424649,0.58968052 0.33579004 0.73452157,
  0.4039136 0.23000618 0.88541005,0.22655739 0.12901175 0.96541583,
  0.79444702 -0.49721777 0.34875267,0.60005703 -0.66305427 0.44753837,
  0.39155704 -0.74250476 0.54347932,0.17527294 -0.75139269 0.63615126,
  -0.034401297 -0.77367369 0.63264964,-0.29706913 -0.92161613 0.24974717,
  -0.51876437 -0.82083545 0.23898262,-0.70839426 -0.66710198 0.23054831,
  -0.85349963 -0.4702573 0.22449153,-0.94455408 -0.24299207 0.22084482,
  -0.97558388 0 0.21962717,-0.94455408 0.24299207 0.22084482,
  -0.85349963 0.4702573 0.22449153,-0.70839426 0.66710198 0.23054831,
  -0.51876437 0.82083545 0.23898262,-0.23257547 0.83274268 0.50244231,
  -0.048614788 0.76690219 0.63992002,0.050404023 0.80336987 0.59334331,
  0.3738359 0.91828038 0.13041421,0.58932026 0.79730406 0.13041421,
  0.7936925 0.59415076 0.13052619,0.75341599 0.59307471 0.28394847,
  0.69526114 0.51665206 0.49968249,0.49245012 0.37157501 0.78703551,
  0.45476715 0.28727495 0.84300649,0.21979401 0.13105568 0.96670316,
  0.60736172 0.75114458 0.25863791,0.45435902 0.59032234 0.66714122,
  0.40807206 0.42250773 0.80929872,0.35507816 0.35507816 0.86477685,
  0.17062582 0.17062582 0.97045023,0.32083229 0.78404483 0.53135708,
  0.35001207 0.62394257 0.69870395,0.35435475 0.61376044 0.70550041,
  0.25085142 0.43448741 0.86504003,0.11690277 0.20248153 0.97228338,
  0.20715968 0.79311253 0.57276294,0.22433808 0.83724113 0.49869803,
  0.18333027 0.68419787 0.70587767,0.12974679 0.48422162 0.86527175,
  0.058895664 0.21980161 0.97376514,0 0.96609052 0.25820362,
  0 0.86657686 0.49904363,0 0.70800817 0.70620424,
  0 0.50095698 0.86547219,0 0.22239418 0.97495684,
  -0.10136749 0.96209443 0.25317767,-0.11044313 0.8630399 0.49291425,
  -0.1246599 0.68803092 0.71489395,-0.10169335 0.4777252 0.87260363,
  -0.049169149 0.20387494 0.97776143,-0.39548007 0.82660829 0.40039262,
  -0.22253809 0.45908286 0.8600696,-0.11477814 0.25003901 0.96140859,
  -0.48299954 0.83657974 0.2585455,-0.4331353 0.75021234 0.49957507,
  -0.33806587 0.58554726 0.73678075,-0.25021252 0.4333808 0.86577986,
  -0.11816357 0.20466531 0.97167355,-0.57874236 0.68889641 0.43643901,
  -0.30242593 0.3699951 0.87843166,-0.16610652 0.19875728 0.96586964,
  -0.68304185 0.68304185 0.25866517,-0.61246997 0.61246997 0.499761,
  -0.4954259 0.48440968 0.72104122,-0.35967727 0.36314205 0.85951155,
  -0.1541833 0.15832886 0.97527405,-0.73333805 0.52576331 0.43103162,
  -0.39737509 0.28949333 0.87079656,-0.22377308 0.16733903 0.96016835,
  -0.83653217 0.48297207 0.25875065,-0.7500531 0.43304336 0.49989379,
  -0.60265017 0.33872054 0.72255184,-0.43827161 0.25599238 0.86161818,
  -0.1871886 0.11163158 0.97596046,-0.85650804 0.33699509 0.39093259,
  -0.47989894 0.18531951 0.85752766,-0.26010182 0.10763827 0.95956295,
  -0.93301713 0.25000119 0.25880195,-0.83653111 0.22414784 0.49997345,
  -0.65271635 0.17489482 0.7371385,-0.46396869 0.119099 0.87780891,
  -0.2071123 0.058794938 0.97654885,-0.8994875 0.11030831 0.42279347,
  -0.49454992 0.064661155 0.86674063,-0.28065287 0.040215501 0.95896646,
  -0.96592583 0 0.25881905,-0.8660254 0 0.5,
  -0.6884331 -0.0079594656 0.72525617,-0.50055694 0.0026497196 0.86569956,
  -0.21301375 0.0032472442 0.97704381,-0.90010223 -0.11574326 0.42002318,
  -0.49876953 -0.060105017 0.8646481,-0.28383727 -0.030781455 0.95837827,
  -0.93301713 -0.25000119 0.25880195,-0.83653111 -0.22414784 0.49997345,
  -0.66174121 -0.18534089 0.7264622,-0.48086459 -0.12612541 0.86767599,
  -0.20479871 -0.051499265 0.97744837,-0.84432017 -0.33502767 0.41818644,
  -0.4718006 -0.18297058 0.86251143,-0.26915325 -0.10089608 0.95779774,
  -0.83653217 -0.48297207 0.25875065,-0.7500531 -0.43304336 0.49989379,
  -0.59036526 -0.34942657 0.72757813,-0.42886637 -0.2446445 0.86961066,
  -0.18320487 -0.10204656 0.97776402,-0.73561766 -0.53359513 0.41730432,
  -0.41484305 -0.29620602 0.86032973,-0.23723957 -0.16564738 0.95722429,
  -0.68304185 -0.68304185 0.25866517,-0.61246997 -0.61246997 0.499761,
  -0.47934963 -0.48923717 0.7286089,-0.34848937 -0.34501496 0.87150435,
  -0.14974295 -0.14529752 0.97799063,-0.58088426 -0.69882459 0.4173939,
  -0.33099673 -0.39255819 0.85810211,-0.18985495 -0.22082084 0.95665733,
  -0.48299954 -0.83657974 0.2585455,-0.4331353 -0.75021234 0.49957507,
  -0.35375368 -0.61271934 0.70670598,-0.25301898 -0.44411 0.85950433,
  -0.10659799 -0.1786217 0.97812635,-0.38889761 -0.80796739 0.4426594,
  -0.20702001 -0.45577289 0.86568689,-0.12978353 -0.26274709 0.95609633,
  -0.25002961 -0.93312322 0.25839164,-0.22424301 -0.8368863 0.49933596,
  -0.17505636 -0.65331922 0.73656586,-0.11826228 -0.45542357 0.88238507,
  -0.05649707 -0.19999177 0.97816735,-0.16047261 -0.89817568 0.40930306,
  -0.014876997 -0.53301897 0.84597249,0.079715112 -0.30470979 0.9491035,
  0.051182739 -0.95488189 0.29254215,0.037904009 -0.70714958 0.70604728,
  0.026822269 -0.50040501 0.86537586,0.013891855 -0.25917098 0.96573155,
  0.28396677 -0.90689539 0.31129347,0.21171408 -0.67614434 0.70569539,
  0.14985394 -0.47858364 0.86515981,0.23756124 -0.49253013 0.83724472,
  0.49567865 -0.80242973 0.33227881,0.37256321 -0.60312422 0.70529273,
  0.43884308 -0.50984755 0.73991366,0.28323622 -0.49422509 0.82189951,
  0.7025512 -0.67790746 0.2164793,0.62419885 -0.60230351 0.49760052,
  0.66432751 -0.46890696 0.58206118,0.51049393 -0.45621444 0.72887882,
  0.20617532 -0.15820388 0.96564138] }
}
}
DEF SHAPE_23 Shape {
 appearance USE APP_3
 geometry DEF FACE_23 IndexedFaceSet {
  coord DEF COORD_23 Coordinate { point [
  1.6378821 0.47458772 2.4015748,1.6354033 0.47356098 2.4219543,
  1.6281359 0.47055072 2.4409449,1.6165752 0.4657621 2.4572525,
  1.6015089 0.45952144 2.4697658,1.5839638 0.45225405 2.477632,
  1.5651357 0.44445517 2.480315,1.631227 0.22658128 2.480315,
  1.6535433 0 2.480315,1.631227 -0.22658128 2.480315,
  1.5651357 -0.44445517 2.480315,1.6378821 -0.47458772 2.4015748,
  1.6354033 -0.47356098 2.4219543,1.6281359 -0.47055072 2.4409449,
  1.6165752 -0.4657621 2.4572525,1.6015089 -0.45952144 2.4697658,
  1.5839638 -0.45225405 2.477632,1.7216737 0.16187303 2.4015748,
  1.7216737 -0.16187303 2.4015748,1.6858349 -0.23744346 2.4572525,
  1.6698406 -0.234262 2.4697658,1.7190137 -0.16152283 2.4219543,
  1.6512149 -0.23055711 2.477632,1.7112148 -0.16049609 2.4409449,
  1.6988086 -0.15886278 2.4572525,1.6826405 -0.15673421 2.4697658,
  1.6638123 -0.15425543 2.477632,1.709221 0 2.4572525,
  1.6929134 0 2.4697658,1.6739228 0 2.477632,
  1.7190137 0.16152283 2.4219543,1.7112148 0.16049609 2.4409449,
  1.6988086 0.15886278 2.4572525,1.6826405 0.15673421 2.4697658,
  1.6638123 0.15425543 2.477632] }
 coordIndex [
  0,7,17,-1,1,7,0,-1,2,7,1,-1,3,7,2,-1,4,7,3,-1,5,7,4,-1,6,7,5,-1,19,12,11,-1,
  19,13,12,-1,19,14,13,-1,19,11,18,-1,20,15,14,-1,20,14,19,-1,21,19,18,-1,22,9,10,-1,22,16,15,-1,
  22,10,16,-1,22,15,20,-1,23,19,21,-1,24,19,23,-1,25,19,24,-1,25,20,19,-1,26,8,9,-1,26,9,22,-1,
  26,20,25,-1,26,22,20,-1,27,18,17,-1,27,21,18,-1,27,24,23,-1,27,23,21,-1,28,25,24,-1,28,24,27,-1,
  29,26,25,-1,29,8,26,-1,29,25,28,-1,30,27,17,-1,30,17,7,-1,31,30,7,-1,31,27,30,-1,32,31,7,-1,
  32,27,31,-1,33,28,27,-1,33,32,7,-1,33,27,32,-1,34,7,8,-1,34,8,29,-1,34,29,28,-1,34,33,7,-1,
  34,28,33,-1]
  normalPerVertex TRUE
  normal DEF NORM_23 Normal { vector [
  0.77164626 0.1735705 0.61191121,0.9688751 0.041292676 0.24408186,
  0.87050362 0.089137401 0.48402269,0.70854838 0.11060539 0.6969402,
  0.49632973 0.10236191 0.86207821,0.25322782 0.064509902 0.96525341,
  0.12549977 0.03806994 0.99136294,0.68164555 0.18150007 0.70881385,
  0.11389638 0 0.99349263,0.11598486 -0.022496221 0.99299619,
  0.12549977 -0.03806994 0.99136294,0.94088485 -0.24513835 0.2337582,
  0.93672896 -0.23839337 0.25633464,0.83319058 -0.2410489 0.49768352,
  0.64831415 -0.19666395 0.73553522,0.44375072 -0.13461031 0.88598271,
  0.24879195 -0.075470214 0.96561214,0.85482144 0.14693368 0.49768544,
  0.96561719 -0.12327872 0.22887942,0.87908238 -0.23332423 0.41566088,
  0.50195572 -0.13655284 0.85404553,0.9613091 -0.094680682 0.25868975,
  0.25064285 -0.070960742 0.96547539,0.86197061 -0.084896695 0.49979918,
  0.68118559 -0.062091508 0.72947298,0.4854999 -0.049594825 0.87282885,
  0.21747561 -0.023839832 0.97577457,0.90943949 0.002799149 0.41582686,
  0.50055694 -0.0026497196 0.86569956,0.28447339 -0.005122715 0.95867025,
  0.9219585 0.29139054 0.2551158,0.83532939 0.23705112 0.49601571,
  0.68945053 0.16554886 0.70516065,0.52271713 0.079988996 0.84874529,
  0.24123142 0.027033158 0.97009103] }
}
}
DEF SHAPE_24 Shape {
 appearance DEF APP_4 Appearance {
  material Material {
   ambientIntensity 0.686634
   diffuseColor 0.148 0.145 0.145
   emissiveColor 0 0 0
   shininess 0.1
   specularColor 0.12 0.12 0.12
   transparency 0
} }
 geometry DEF FACE_24 IndexedFaceSet {
  coord DEF COORD_24 Coordinate { point [
  1.7283715 0.098425197 1.5358268,1.7286074 0.095415789 1.5599302,
  1.7292712 0.086384459 1.5828987,1.7302147 0.071602798 1.6032021,
  1.7312063 0.051676298 1.6193748,1.7319182 0.030097612 1.6292497,
  1.7321854 0.015597576 1.6326721,1.7322834 0.00039370079 1.6338583,
  1.7322834 -0.00039370079 1.6338583,1.7322835 -0.0001312336 1.6338583,
  1.7322835 0.0001312336 1.6338583,1.7320329 -0.024927121 1.6307388,
  1.7313867 -0.047153796 1.6219875,1.730519 -0.066131905 1.60855,
  1.7296265 -0.081135458 1.591423,1.7288928 -0.091643418 1.571655,
  1.7285049 -0.096734966 1.5539524,1.7283715 -0.098425197 1.5358268,
  1.7283715 -0.098425197 0.94448819,1.7322834 -0.00039370079 0.84645669,
  1.7320329 -0.024927121 0.8495762,1.7313867 -0.047153796 0.85832748,
  1.730519 -0.066131905 0.871765,1.7296265 -0.081135458 0.88889193,
  1.7288928 -0.091643418 0.90865997,1.7285049 -0.096734966 0.92636261,
  1.7322835 -0.0001312336 0.84645669,1.7322835 0.0001312336 0.84645669,
  1.7322834 0.00039370079 0.84645669,1.7283715 0.098425197 0.94448819,
  1.7286074 0.095415789 0.92038473,1.7292712 0.086384459 0.89741629,
  1.7302147 0.071602798 0.87711283,1.7312063 0.051676298 0.86094018,
  1.7319182 0.030097612 0.85106521,1.7321854 0.015597576 0.84764288] }
 coordIndex [
  18,21,20,-1,18,22,21,-1,18,23,22,-1,18,24,23,-1,18,25,24,-1,19,18,20,-1,26,18,19,-1,29,26,27,-1,
  29,27,28,-1,29,31,30,-1,29,32,31,-1,29,33,32,-1,29,34,33,-1,29,35,34,-1,29,28,35,-1,29,18,26,-1,
  15,16,17,-1,14,15,17,-1,13,14,17,-1,12,13,17,-1,11,12,17,-1,8,11,17,-1,9,8,17,-1,10,9,17,-1,
  0,6,7,-1,0,7,10,-1,0,17,18,-1,0,18,29,-1,0,10,17,-1,5,6,0,-1,4,5,0,-1,2,0,1,-1,
  3,4,0,-1,3,0,2,-1]
  normalPerVertex TRUE
  normal DEF NORM_24 Normal { vector [
  0.99999386 0.0004777387 -0.0034729479,0.99747325 0.071037433 -0.00089346584,
  0.99812545 0.061104013 -0.0034468465,0.99888462 0.046378495 -0.0088624054,
  0.99939453 0.030419553 -0.016888652,0.99953084 0.0179862 -0.024790886,
  0.99942125 0.0071274299 -0.033262171,0.99933368 0.0035515341 -0.036326084,
  0.9994026 -0.0058118009 -0.034068568,0.99920897 -0.00010573628 -0.039767189,
  0.99920477 2.8121233e-07 -0.039872758,0.9994961 -0.011673785 -0.029517276,
  0.99946692 -0.026323662 -0.019311568,0.99905937 -0.041981828 -0.010858563,
  0.99839438 -0.056424783 -0.0049898685,0.9977103 -0.067610736 -0.0017168721,
  0.99721075 -0.074636291 -0.00037976588,0.99997954 -0.000883512 -0.0063358897,
  0.99999387 -0.00048418948 0.0034682586,0.9994026 -0.0058118009 0.034068568,
  0.9994961 -0.011673785 0.029517276,0.99946692 -0.026323662 0.019311568,
  0.99905937 -0.041981828 0.010858563,0.99839438 -0.056424783 0.0049898685,
  0.9977103 -0.067610736 0.0017168721,0.99721075 -0.074636291 0.00037976588,
  0.99920477 -2.8121233e-07 0.039872758,0.99920897 0.00010573628 0.039767189,
  0.99933368 0.0035515341 0.036326084,0.99997949 0.00087176839 0.0063446452,
  0.99747325 0.071037433 0.00089346584,0.99812545 0.061104013 0.0034468465,
  0.99888462 0.046378495 0.0088624054,0.99939453 0.030419553 0.016888652,
  0.99953084 0.0179862 0.024790886,0.99942125 0.0071274299 0.033262171] }
}
}
DEF SHAPE_25 Shape {
 appearance USE APP_2
 geometry DEF FACE_25 IndexedFaceSet {
  coord DEF COORD_25 Coordinate { point [
  1.5651357 -0.44445517 2.480315,1.4135403 -0.70702607 2.480315,
  1.1991521 -0.92141431 2.480315,0.93658115 -1.0730097 2.480315,
  0.64372136 -1.1514812 2.480315,0.3405306 -1.1514812 2.480315,
  0.047670817 -1.0730097 2.480315,-0.21490008 -0.92141431 2.480315,
  -0.42928833 -0.70702607 2.480315,-0.58088371 -0.44445517 2.480315,
  -0.65935525 -0.15159538 2.480315,-0.65935525 0.15159538 2.480315,
  -0.58088371 0.44445517 2.480315,-0.42928833 0.70702607 2.480315,
  -0.21490008 0.92141431 2.480315,0.047670817 1.0730097 2.480315,
  0.3405306 1.1514812 2.480315,0.64372136 1.1514812 2.480315,
  0.93658115 1.0730097 2.480315,1.1991521 0.92141431 2.480315,
  1.4135403 0.70702607 2.480315,1.5651357 0.44445517 2.480315,
  1.2941553 0.3322114 2.480315,1.2941553 -0.3322114 2.480315,
  1.1808441 -0.52847203 2.480315,1.020598 -0.68871816 2.480315,
  0.82433739 -0.80202928 2.480315,0.60543711 -0.86068343 2.480315,
  0.37881486 -0.86068343 2.480315,0.15991458 -0.80202928 2.480315,
  -0.036346044 -0.68871816 2.480315,-0.19659217 -0.52847203 2.480315,
  -0.30990329 -0.3322114 2.480315,-0.36855745 -0.11331112 2.480315,
  -0.36855745 0.11331112 2.480315,-0.30990329 0.3322114 2.480315,
  -0.19659217 0.52847203 2.480315,-0.036346044 0.68871816 2.480315,
  0.15991458 0.80202928 2.480315,0.37881486 0.86068343 2.480315,
  0.60543711 0.86068343 2.480315,0.82433739 0.80202928 2.480315,
  1.020598 0.68871816 2.480315,1.1808441 0.52847203 2.480315] }
 coordIndex [
  38,15,14,-1,39,16,15,-1,39,15,38,-1,37,14,13,-1,37,38,14,-1,40,17,16,-1,40,16,39,-1,36,13,12,-1,
  36,37,13,-1,41,18,17,-1,41,17,40,-1,35,36,12,-1,11,35,12,-1,42,19,18,-1,42,18,41,-1,34,35,11,-1,
  10,34,11,-1,43,20,19,-1,43,19,42,-1,33,34,10,-1,21,43,22,-1,21,20,43,-1,9,33,10,-1,32,33,9,-1,
  8,31,32,-1,8,32,9,-1,7,31,8,-1,7,30,31,-1,0,23,24,-1,6,30,7,-1,6,29,30,-1,1,24,25,-1,
  1,0,24,-1,5,29,6,-1,5,28,29,-1,2,25,26,-1,2,1,25,-1,4,27,28,-1,4,28,5,-1,3,2,26,-1,
  3,26,27,-1,3,27,4,-1]
  normalPerVertex TRUE
  normal DEF NORM_25 Normal { vector [
  0 0 1,0 0 1,
  0 0 1,0 0 1,
  0 0 1,0 0 1,
  0 0 1,0 0 1,
  0 0 1,0 0 1,
  0 0 1,0 0 1,
  0 0 1,0 0 1,
  0 0 1,0 0 1,
  0 0 1,0 0 1,
  0 0 1,0 0 1,
  0 0 1,0 0 1,
  0 0 1,0 0 1,
  0 0 1,0 0 1,
  0 0 1,0 0 1,
  0 0 1,0 0 1,
  0 0 1,0 0 1,
  0 0 1,0 0 1,
  0 0 1,0 0 1,
  0 0 1,0 0 1,
  0 0 1,0 0 1,
  0 0 1,0 0 1,
  0 0 1,0 0 1] }
}
}
DEF SHAPE_26 Shape {
 appearance USE APP_3
 geometry DEF FACE_26 IndexedFaceSet {
  coord DEF COORD_26 Coordinate { point [
  1.5651357 0.44445517 2.480315,1.631227 0.22658128 2.480315,
  1.6535433 0 2.480315,1.631227 -0.22658128 2.480315,
  1.5651357 -0.44445517 2.480315,1.2941553 -0.3322114 2.480315,
  1.2941553 0.3322114 2.480315,1.3435557 0.16935991 2.480315,
  1.3602362 0 2.480315,1.3435557 -0.16935991 2.480315] }
 coordIndex [
  0,6,7,-1,1,0,7,-1,2,7,8,-1,2,1,7,-1,3,8,9,-1,3,2,8,-1,4,9,5,-1,4,3,9,-1]
  normalPerVertex TRUE
  normal DEF NORM_26 Normal { vector [
  0 0 1,0 0 1,
  0 0 1,0 0 1,
  0 0 1,0 0 1,
  0 0 1,0 0 1,
  0 0 1,0 0 1] }
}
}
DEF SHAPE_27 Shape {
 appearance USE APP_2
 geometry DEF FACE_27 IndexedFaceSet {
  coord DEF COORD_27 Coordinate { point [
  1.2941553 -0.3322114 2.480315,1.2941553 -0.3322114 2.4409449,
  1.1808441 -0.52847203 2.480315,1.020598 -0.68871816 2.480315,
  0.82433739 -0.80202928 2.480315,0.60543711 -0.86068343 2.480315,
  0.37881486 -0.86068343 2.480315,0.15991458 -0.80202928 2.480315,
  -0.036346044 -0.68871816 2.480315,-0.19659217 -0.52847203 2.480315,
  -0.30990329 -0.3322114 2.480315,-0.36855745 -0.11331112 2.480315,
  -0.36855745 0.11331112 2.480315,-0.30990329 0.3322114 2.480315,
  -0.19659217 0.52847203 2.480315,-0.036346044 0.68871816 2.480315,
  0.15991458 0.80202928 2.480315,0.37881486 0.86068343 2.480315,
  0.60543711 0.86068343 2.480315,0.82433739 0.80202928 2.480315,
  1.020598 0.68871816 2.480315,1.1808441 0.52847203 2.480315,
  1.2941553 0.3322114 2.480315,1.2941553 0.3322114 2.4409449,
  1.196749 0.50707178 2.4409449,1.0618832 0.65497491 2.4409449,
  0.89672758 0.7680579 2.4409449,0.71006233 0.84030895 2.4409449,
  0.51181102 0.86788702 2.4409449,0.51181102 0.86788702 2.4015748,
  0.47244094 0.86788702 2.4015748,0.4855638 0.86808543 2.4015748,
  0.49868816 0.86808543 2.4015748,0.47244094 0.86788702 2.4409449,
  0.2547914 0.83503753 2.4409449,0.052400253 0.74850295 2.4409449,
  -0.12172065 0.61384663 2.4409449,-0.25637696 0.43972573 2.4409449,
  -0.34291155 0.23733458 2.4409449,-0.37576104 0.019685039 2.4409449,
  -0.37576104 0.019685039 2.4015748,-0.37598425 0 2.4015748,
  -0.37595945 0.0065621797 2.4015748,-0.37588504 0.013123985 2.4015748,
  -0.37576104 -0.019685039 2.4015748,-0.37588504 -0.013123985 2.4015748,
  -0.37595945 -0.0065621797 2.4015748,-0.37576104 -0.019685039 2.4409449,
  -0.34291155 -0.23733458 2.4409449,-0.25637696 -0.43972573 2.4409449,
  -0.12172065 -0.61384663 2.4409449,0.052400253 -0.74850295 2.4409449,
  0.2547914 -0.83503753 2.4409449,0.47244094 -0.86788702 2.4409449,
  0.47244094 -0.86788702 2.4015748,0.51181102 -0.86788702 2.4015748,
  0.49868816 -0.86808543 2.4015748,0.4855638 -0.86808543 2.4015748,
  0.51181102 -0.86788702 2.4409449,0.71006233 -0.84030895 2.4409449,
  0.89672758 -0.7680579 2.4409449,1.0618832 -0.65497491 2.4409449,
  1.196749 -0.50707178 2.4409449] }
 coordIndex [
  62,0,1,-1,62,2,0,-1,61,3,2,-1,61,2,62,-1,60,4,3,-1,60,3,61,-1,59,5,4,-1,59,4,60,-1,
  58,5,59,-1,53,6,5,-1,53,5,58,-1,56,58,55,-1,57,53,58,-1,57,58,56,-1,52,7,6,-1,52,6,53,-1,
  54,53,57,-1,51,7,52,-1,51,8,7,-1,50,9,8,-1,50,8,51,-1,49,10,9,-1,49,9,50,-1,48,11,10,-1,
  48,10,49,-1,47,11,48,-1,39,12,11,-1,39,11,47,-1,45,47,44,-1,46,47,45,-1,41,39,47,-1,41,47,46,-1,
  42,39,41,-1,43,39,42,-1,38,13,12,-1,38,12,39,-1,40,39,43,-1,37,14,13,-1,37,13,38,-1,36,15,14,-1,
  36,14,37,-1,35,16,15,-1,35,15,36,-1,34,17,16,-1,34,16,35,-1,33,18,17,-1,33,17,34,-1,28,18,33,-1,
  27,19,18,-1,27,18,28,-1,31,33,30,-1,31,28,33,-1,32,28,31,-1,29,28,32,-1,26,20,19,-1,26,19,27,-1,
  25,21,20,-1,25,20,26,-1,24,22,21,-1,24,21,25,-1,23,22,24,-1]
  normalPerVertex TRUE
  normal DEF NORM_27 Normal { vector [
  -0.86885784 0.49332551 -0.04142452,-0.87360184 0.48664137 0,
  -0.7760592 0.62837882 -0.053592719,-0.59391405 0.8013201 -0.071778751,
  -0.37474991 0.9235021 -0.081892452,-0.12473093 0.98813614 -0.089605636,
  0.13637125 0.98834973 -0.067584684,0.38521924 0.92028264 -0.068454381,
  0.60829827 0.79071328 -0.068889167,0.79071328 0.60829827 -0.068889167,
  0.92028264 0.38521924 -0.068454381,0.98890752 0.12880173 -0.073973146,
  0.98834973 -0.13637125 -0.067584684,0.92028264 -0.38521924 -0.068454381,
  0.79071328 -0.60829827 -0.068889167,0.60829827 -0.79071328 -0.068889167,
  0.38521924 -0.92028264 -0.068454381,0.13637125 -0.98834973 -0.067584684,
  -0.12473093 -0.98813614 -0.089605636,-0.37474991 -0.9235021 -0.081892452,
  -0.59391405 -0.8013201 -0.071778751,-0.7760592 -0.62837882 -0.053592719,
  -0.86885784 -0.49332551 -0.04142452,-0.87360184 -0.48664137 0,
  -0.83235225 -0.55420731 -0.0066325572,-0.67510301 -0.73766434 0.0093408556,
  -0.47838012 -0.87793579 0.019524563,-0.25379752 -0.96696143 0.023925238,
  -0.090983791 -0.99327927 0.071541931,-0.015117878 -0.99988572 0,
  0.015117878 -0.99988572 0,0.0030237445 -0.9999873 -0.0040317361,
  -0.0075591309 -0.99996825 -0.0025199023,0.061512346 -0.99791235 -0.019676756,
  0.26804783 -0.96196612 0.052645425,0.5035881 -0.86230123 0.053250476,
  0.70609591 -0.70609591 0.053452145,0.86230123 -0.5035881 0.053250476,
  0.96196612 -0.26804783 0.052645425,0.99795754 -0.060816912 -0.019546134,
  0.99982144 -0.018896942 0,0.99998649 0 -0.005197112,
  0.99996825 -0.0075591309 -0.0025199023,0.99988552 -0.015117875 -0.00062998644,
  0.99982144 0.018896942 0,0.99988552 0.015117875 -0.00062998644,
  0.99996825 0.0075591309 -0.0025199023,0.98992123 0.10358111 0.096575908,
  0.96196612 0.26804783 0.052645425,0.86230123 0.5035881 0.053250476,
  0.70609591 0.70609591 0.053452145,0.5035881 0.86230123 0.053250476,
  0.26804783 0.96196612 0.052645425,0.061512346 0.99791235 -0.019676756,
  0.015117878 0.99988572 0,-0.015117878 0.99988572 0,
  -0.0075591309 0.99996825 -0.0025199023,0.0030237445 0.9999873 -0.0040317361,
  -0.090983791 0.99327927 0.071541931,-0.25379752 0.96696143 0.023925238,
  -0.47838012 0.87793579 0.019524563,-0.67510301 0.73766434 0.0093408556,
  -0.83235225 0.55420731 -0.0066325572] }
}
}
DEF SHAPE_28 Shape {
 appearance USE APP_3
 geometry DEF FACE_28 IndexedFaceSet {
  coord DEF COORD_28 Coordinate { point [
  1.2941553 0.3322114 2.480315,1.2941553 0.3322114 2.4409449,
  1.3435557 0.16935991 2.480315,1.3602362 0 2.480315,
  1.3435557 -0.16935991 2.480315,1.2941553 -0.3322114 2.480315,
  1.2941553 -0.3322114 2.4409449,1.3289337 -0.23101562 2.4409449,
  1.350998 -0.12630988 2.4409449,1.360013 -0.019685039 2.4409449,
  1.360013 -0.019685039 2.4015748,1.360013 0.019685039 2.4015748,
  1.3602114 0.0065621797 2.4015748,1.3602114 -0.0065621797 2.4015748,
  1.360013 0.019685039 2.4409449,1.350998 0.12630988 2.4409449,
  1.3289337 0.23101562 2.4409449] }
 coordIndex [
  16,0,1,-1,16,2,0,-1,15,3,2,-1,15,2,16,-1,14,3,15,-1,9,3,14,-1,8,4,3,-1,8,3,9,-1,
  12,14,11,-1,13,9,14,-1,13,14,12,-1,7,5,4,-1,7,4,8,-1,10,9,13,-1,6,5,7,-1]
  normalPerVertex TRUE
  normal DEF NORM_28 Normal { vector [
  -0.95099227 -0.30317861 -0.060798299,-0.94570845 -0.32501619 0,
  -0.97854568 -0.19741543 -0.058953416,-0.99823971 0 -0.059308331,
  -0.97854568 0.19741543 -0.058953416,-0.95099227 0.30317861 -0.060798299,
  -0.94570845 0.32501619 0,-0.96039904 0.27670525 -0.03267866,
  -0.99162252 0.1244047 -0.034759823,-0.99873422 0.046359121 -0.019513777,
  -0.99988572 0.015117878 0,-0.99988572 -0.015117878 0,
  -0.99996825 -0.0075591309 -0.0025199023,-0.9999873 0.0030237445 -0.0040317361,
  -0.99888035 -0.043490254 -0.018618409,-0.99162252 -0.1244047 -0.034759823,
  -0.96039904 -0.27670525 -0.03267866] }
}
}
DEF SHAPE_29 Shape {
 appearance USE APP_1
 geometry DEF FACE_29 IndexedFaceSet {
  coord DEF COORD_29 Coordinate { point [
  0.51181102 -0.86788702 2.4409449,0.51181102 -0.019685039 2.4409449,
  0.71006233 -0.84030895 2.4409449,0.89672758 -0.7680579 2.4409449,
  1.0618832 -0.65497491 2.4409449,1.196749 -0.50707178 2.4409449,
  1.2941553 -0.3322114 2.4409449,1.3289337 -0.23101562 2.4409449,
  1.350998 -0.12630988 2.4409449,1.360013 -0.019685039 2.4409449] }
 coordIndex [
  8,9,1,-1,2,1,0,-1,7,8,1,-1,6,7,1,-1,3,1,2,-1,5,6,1,-1,4,1,3,-1,4,5,1,-1]
  normalPerVertex TRUE
  normal DEF NORM_29 Normal { vector [
  0 0 1,0 0 1,
  0 0 1,0 0 1,
  0 0 1,0 0 1,
  0 0 1,0 0 1,
  0 0 1,0 0 1] }
}
}
DEF SHAPE_30 Shape {
 appearance USE APP_1
 geometry DEF FACE_30 IndexedFaceSet {
  coord DEF COORD_30 Coordinate { point [
  0.51181102 -0.86788702 2.4409449,0.51181102 -0.019685039 2.4409449,
  0.51181102 -0.86788702 2.4015748,0.51181102 -0.019685039 2.4015748] }
 coordIndex [
  1,2,0,-1,1,3,2,-1]
  normalPerVertex TRUE
  normal DEF NORM_30 Normal { vector [
  -1 0 0,-1 0 0,
  -1 0 0,-1 0 0] }
}
}
DEF SHAPE_31 Shape {
 appearance USE APP_1
 geometry DEF FACE_31 IndexedFaceSet {
  coord DEF COORD_31 Coordinate { point [
  1.360013 0.019685039 2.4409449,1.350998 0.12630988 2.4409449,
  1.3289337 0.23101562 2.4409449,1.2941553 0.3322114 2.4409449,
  1.196749 0.50707178 2.4409449,1.0618832 0.65497491 2.4409449,
  0.89672758 0.7680579 2.4409449,0.71006233 0.84030895 2.4409449,
  0.51181102 0.86788702 2.4409449,0.51181102 0.019685039 2.4409449] }
 coordIndex [
  9,5,6,-1,9,6,7,-1,9,7,8,-1,4,5,9,-1,3,4,9,-1,2,3,9,-1,1,2,9,-1,0,1,9,-1]
  normalPerVertex TRUE
  normal DEF NORM_31 Normal { vector [
  0 0 1,0 0 1,
  0 0 1,0 0 1,
  0 0 1,0 0 1,
  0 0 1,0 0 1,
  0 0 1,0 0 1] }
}
}
DEF SHAPE_32 Shape {
 appearance USE APP_1
 geometry DEF FACE_32 IndexedFaceSet {
  coord DEF COORD_32 Coordinate { point [
  -0.37576104 -0.019685039 2.4015748,0.47244094 -0.019685039 2.4015748,
  0.47244094 -0.86788702 2.4015748,0.51181102 -0.86788702 2.4015748,
  0.49868816 -0.86808543 2.4015748,0.4855638 -0.86808543 2.4015748,
  0.51181102 -0.019685039 2.4015748,1.360013 -0.019685039 2.4015748,
  1.360013 0.019685039 2.4015748,1.3602114 0.0065621797 2.4015748,
  1.3602114 -0.0065621797 2.4015748,0.51181102 0.019685039 2.4015748,
  0.51181102 0.86788702 2.4015748,0.47244094 0.86788702 2.4015748,
  0.4855638 0.86808543 2.4015748,0.49868816 0.86808543 2.4015748,
  0.47244094 0.019685039 2.4015748,-0.37576104 0.019685039 2.4015748,
  -0.37598425 0 2.4015748,-0.37595945 0.0065621797 2.4015748,
  -0.37588504 0.013123985 2.4015748,-0.37588504 -0.013123985 2.4015748,
  -0.37595945 -0.0065621797 2.4015748] }
 coordIndex [
  16,14,13,-1,16,19,18,-1,16,20,19,-1,16,17,20,-1,1,21,0,-1,1,22,21,-1,1,18,22,-1,1,16,18,-1,
  11,15,14,-1,11,12,15,-1,11,14,16,-1,11,16,1,-1,6,11,1,-1,9,8,11,-1,5,1,2,-1,10,11,6,-1,
  10,9,11,-1,4,6,1,-1,4,1,5,-1,7,10,6,-1,3,6,4,-1]
  normalPerVertex TRUE
  normal DEF NORM_32 Normal { vector [
  0 0 1,0 0 1,
  0 0 1,0 0 1,
  0 0 1,0 0 1,
  0 0 1,0 0 1,
  0 0 1,0 0 1,
  0 0 1,0 0 1,
  0 0 1,0 0 1,
  0 0 1,0 0 1,
  0 0 1,0 0 1,
  0 0 1,0 0 1,
  0 0 1,0 0 1,
  0 0 1] }
}
}
DEF SHAPE_33 Shape {
 appearance USE APP_1
 geometry DEF FACE_33 IndexedFaceSet {
  coord DEF COORD_33 Coordinate { point [
  0.51181102 0.019685039 2.4409449,0.51181102 0.86788702 2.4409449,
  0.51181102 0.019685039 2.4015748,0.51181102 0.86788702 2.4015748] }
 coordIndex [
  1,2,0,-1,1,3,2,-1]
  normalPerVertex TRUE
  normal DEF NORM_33 Normal { vector [
  -1 0 0,-1 0 0,
  -1 0 0,-1 0 0] }
}
}
DEF SHAPE_34 Shape {
 appearance USE APP_1
 geometry DEF FACE_34 IndexedFaceSet {
  coord DEF COORD_34 Coordinate { point [
  0.47244094 -0.019685039 2.4409449,0.47244094 -0.86788702 2.4409449,
  0.47244094 -0.019685039 2.4015748,0.47244094 -0.86788702 2.4015748] }
 coordIndex [
  1,2,0,-1,1,3,2,-1]
  normalPerVertex TRUE
  normal DEF NORM_34 Normal { vector [
  1 0 0,1 0 0,
  1 0 0,1 0 0] }
}
}
DEF SHAPE_35 Shape {
 appearance USE APP_1
 geometry DEF FACE_35 IndexedFaceSet {
  coord DEF COORD_35 Coordinate { point [
  -0.37576104 -0.019685039 2.4409449,0.47244094 -0.019685039 2.4409449,
  -0.34291155 -0.23733458 2.4409449,-0.25637696 -0.43972573 2.4409449,
  -0.12172065 -0.61384663 2.4409449,0.052400253 -0.74850295 2.4409449,
  0.2547914 -0.83503753 2.4409449,0.47244094 -0.86788702 2.4409449] }
 coordIndex [
  1,0,2,-1,1,2,3,-1,4,1,3,-1,5,1,4,-1,6,1,5,-1,7,1,6,-1]
  normalPerVertex TRUE
  normal DEF NORM_35 Normal { vector [
  0 0 1,0 0 1,
  0 0 1,0 0 1,
  0 0 1,0 0 1,
  0 0 1,0 0 1] }
}
}
DEF SHAPE_36 Shape {
 appearance USE APP_1
 geometry DEF FACE_36 IndexedFaceSet {
  coord DEF COORD_36 Coordinate { point [
  0.47244094 0.86788702 2.4409449,0.47244094 0.019685039 2.4409449,
  0.47244094 0.86788702 2.4015748,0.47244094 0.019685039 2.4015748] }
 coordIndex [
  1,2,0,-1,1,3,2,-1]
  normalPerVertex TRUE
  normal DEF NORM_36 Normal { vector [
  1 0 0,1 0 0,
  1 0 0,1 0 0] }
}
}
DEF SHAPE_37 Shape {
 appearance USE APP_1
 geometry DEF FACE_37 IndexedFaceSet {
  coord DEF COORD_37 Coordinate { point [
  -0.37576104 -0.019685039 2.4409449,0.47244094 -0.019685039 2.4409449,
  -0.37576104 -0.019685039 2.4015748,0.47244094 -0.019685039 2.4015748] }
 coordIndex [
  1,2,0,-1,1,3,2,-1]
  normalPerVertex TRUE
  normal DEF NORM_37 Normal { vector [
  0 1 0,0 1 0,
  0 1 0,0 1 0] }
}
}
DEF SHAPE_38 Shape {
 appearance USE APP_1
 geometry DEF FACE_38 IndexedFaceSet {
  coord DEF COORD_38 Coordinate { point [
  0.47244094 0.86788702 2.4409449,0.2547914 0.83503753 2.4409449,
  0.052400253 0.74850295 2.4409449,-0.12172065 0.61384663 2.4409449,
  -0.25637696 0.43972573 2.4409449,-0.34291155 0.23733458 2.4409449,
  -0.37576104 0.019685039 2.4409449,0.47244094 0.019685039 2.4409449] }
 coordIndex [
  7,0,1,-1,7,1,2,-1,7,2,3,-1,7,3,4,-1,7,4,5,-1,7,5,6,-1]
  normalPerVertex TRUE
  normal DEF NORM_38 Normal { vector [
  0 0 1,0 0 1,
  0 0 1,0 0 1,
  0 0 1,0 0 1,
  0 0 1,0 0 1] }
}
}
DEF SHAPE_39 Shape {
 appearance USE APP_1
 geometry DEF FACE_39 IndexedFaceSet {
  coord DEF COORD_39 Coordinate { point [
  0.47244094 0.019685039 2.4409449,-0.37576104 0.019685039 2.4409449,
  0.47244094 0.019685039 2.4015748,-0.37576104 0.019685039 2.4015748] }
 coordIndex [
  1,2,0,-1,1,3,2,-1]
  normalPerVertex TRUE
  normal DEF NORM_39 Normal { vector [
  0 -1 0,0 -1 0,
  0 -1 0,0 -1 0] }
}
}
DEF SHAPE_40 Shape {
 appearance USE APP_1
 geometry DEF FACE_40 IndexedFaceSet {
  coord DEF COORD_40 Coordinate { point [
  1.360013 0.019685039 2.4409449,0.51181102 0.019685039 2.4409449,
  1.360013 0.019685039 2.4015748,0.51181102 0.019685039 2.4015748] }
 coordIndex [
  1,2,0,-1,1,3,2,-1]
  normalPerVertex TRUE
  normal DEF NORM_40 Normal { vector [
  0 -1 0,0 -1 0,
  0 -1 0,0 -1 0] }
}
}
DEF SHAPE_41 Shape {
 appearance USE APP_1
 geometry DEF FACE_41 IndexedFaceSet {
  coord DEF COORD_41 Coordinate { point [
  0.51181102 -0.019685039 2.4409449,1.360013 -0.019685039 2.4409449,
  0.51181102 -0.019685039 2.4015748,1.360013 -0.019685039 2.4015748] }
 coordIndex [
  1,2,0,-1,1,3,2,-1]
  normalPerVertex TRUE
  normal DEF NORM_41 Normal { vector [
  0 1 0,0 1 0,
  0 1 0,0 1 0] }
}
}
DEF SHAPE_42 Shape {
 appearance USE APP_3
 geometry DEF FACE_42 IndexedFaceSet {
  coord DEF COORD_42 Coordinate { point [
  1.2941553 0.3322114 2.3228346,1.3435557 0.16935991 2.3228346,
  1.3602362 0 2.3228346,1.3435557 -0.16935991 2.3228346,
  1.2941553 -0.3322114 2.3228346,0.49212598 0 2.3228346] }
 coordIndex [
  1,5,0,-1,2,5,1,-1,3,5,2,-1,4,5,3,-1]
  normalPerVertex TRUE
  normal DEF NORM_42 Normal { vector [
  0 0 -1,0 0 -1,
  0 0 -1,0 0 -1,
  0 0 -1,0 0 -1] }
}
}
DEF SHAPE_43 Shape {
 appearance USE APP_3
 geometry DEF FACE_43 IndexedFaceSet {
  coord DEF COORD_43 Coordinate { point [
  1.2941553 0.3322114 2.3622047,1.2941553 0.3322114 2.3228346,
  1.2941553 -0.3322114 2.3622047,1.3435557 -0.16935991 2.3622047,
  1.3602362 0 2.3622047,1.3435557 0.16935991 2.3622047,
  1.2941553 -0.3322114 2.3228346,1.3435557 0.16935991 2.3228346,
  1.3602362 0 2.3228346,1.3435557 -0.16935991 2.3228346] }
 coordIndex [
  1,0,5,-1,7,5,4,-1,7,1,5,-1,8,4,3,-1,8,7,4,-1,9,3,2,-1,9,8,3,-1,6,9,2,-1]
  normalPerVertex TRUE
  normal DEF NORM_43 Normal { vector [
  0.95694034 0.29028468 0,0.95694034 0.29028468 0,
  0.95694034 -0.29028468 0,0.9866586 -0.16280297 0,
  0.99946152 0.032812789 0,0.97385569 0.22716757 0,
  0.95694034 -0.29028468 0,0.9866586 0.16280297 0,
  0.99946152 -0.032812789 0,0.97385569 -0.22716757 0] }
}
}
DEF SHAPE_44 Shape {
 appearance USE APP_2
 geometry DEF FACE_44 IndexedFaceSet {
  coord DEF COORD_44 Coordinate { point [
  1.2941553 -0.3322114 2.3228346,1.1808441 -0.52847203 2.3228346,
  1.020598 -0.68871816 2.3228346,0.82433739 -0.80202928 2.3228346,
  0.60543711 -0.86068343 2.3228346,0.37881486 -0.86068343 2.3228346,
  0.15991458 -0.80202928 2.3228346,-0.036346044 -0.68871816 2.3228346,
  -0.19659217 -0.52847203 2.3228346,-0.30990329 -0.3322114 2.3228346,
  -0.36855745 -0.11331112 2.3228346,-0.36855745 0.11331112 2.3228346,
  -0.30990329 0.3322114 2.3228346,-0.19659217 0.52847203 2.3228346,
  -0.036346044 0.68871816 2.3228346,0.15991458 0.80202928 2.3228346,
  0.37881486 0.86068343 2.3228346,0.60543711 0.86068343 2.3228346,
  0.82433739 0.80202928 2.3228346,1.020598 0.68871816 2.3228346,
  1.1808441 0.52847203 2.3228346,1.2941553 0.3322114 2.3228346,
  0.49212598 0 2.3228346] }
 coordIndex [
  22,10,11,-1,22,11,12,-1,22,12,13,-1,22,13,14,-1,22,14,15,-1,22,15,16,-1,22,16,17,-1,22,17,18,-1,
  22,18,19,-1,22,19,20,-1,22,20,21,-1,9,10,22,-1,8,9,22,-1,7,8,22,-1,6,7,22,-1,1,22,0,-1,
  5,6,22,-1,2,22,1,-1,4,5,22,-1,3,22,2,-1,3,4,22,-1]
  normalPerVertex TRUE
  normal DEF NORM_44 Normal { vector [
  0 0 -1,0 0 -1,
  0 0 -1,0 0 -1,
  0 0 -1,0 0 -1,
  0 0 -1,0 0 -1,
  0 0 -1,0 0 -1,
  0 0 -1,0 0 -1,
  0 0 -1,0 0 -1,
  0 0 -1,0 0 -1,
  0 0 -1,0 0 -1,
  0 0 -1,0 0 -1,
  0 0 -1,0 0 -1,
  0 0 -1] }
}
}
DEF SHAPE_45 Shape {
 appearance USE APP_2
 geometry DEF FACE_45 IndexedFaceSet {
  coord DEF COORD_45 Coordinate { point [
  1.2941553 -0.3322114 2.3622047,1.2941553 -0.3322114 2.3228346,
  -0.37598425 0 2.3622047,-0.34901841 -0.2146893 2.3622047,
  -0.26979613 -0.41604095 2.3622047,-0.14323914 -0.59154589 2.3622047,
  0.022790157 -0.7303008 2.3622047,0.21797713 -0.82368549 2.3622047,
  0.43019571 -0.86589839 2.3622047,0.64626173 -0.85431701 2.3622047,
  0.85275201 -0.78966085 2.3622047,1.0368383 -0.67594669 2.3622047,
  1.187084 -0.52023908 2.3622047,1.2941553 0.3322114 2.3622047,
  1.187084 0.52023908 2.3622047,1.0368383 0.67594669 2.3622047,
  0.85275201 0.78966085 2.3622047,0.64626173 0.85431701 2.3622047,
  0.43019571 0.86589839 2.3622047,0.21797713 0.82368549 2.3622047,
  0.022790157 0.7303008 2.3622047,-0.14323914 0.59154589 2.3622047,
  -0.26979613 0.41604095 2.3622047,-0.34901841 0.2146893 2.3622047,
  1.2941553 0.3322114 2.3228346,1.1808441 -0.52847203 2.3228346,
  1.020598 -0.68871816 2.3228346,0.82433739 -0.80202928 2.3228346,
  0.60543711 -0.86068343 2.3228346,0.37881486 -0.86068343 2.3228346,
  0.15991458 -0.80202928 2.3228346,-0.036346044 -0.68871816 2.3228346,
  -0.19659217 -0.52847203 2.3228346,-0.30990329 -0.3322114 2.3228346,
  -0.36855745 -0.11331112 2.3228346,-0.36855745 0.11331112 2.3228346,
  -0.30990329 0.3322114 2.3228346,-0.19659217 0.52847203 2.3228346,
  -0.036346044 0.68871816 2.3228346,0.15991458 0.80202928 2.3228346,
  0.37881486 0.86068343 2.3228346,0.60543711 0.86068343 2.3228346,
  0.82433739 0.80202928 2.3228346,1.020598 0.68871816 2.3228346,
  1.1808441 0.52847203 2.3228346] }
 coordIndex [
  1,0,12,-1,25,12,11,-1,25,1,12,-1,26,11,10,-1,26,25,11,-1,27,10,9,-1,27,26,10,-1,28,9,8,-1,
  28,27,9,-1,29,8,7,-1,29,28,8,-1,30,7,6,-1,30,29,7,-1,31,6,5,-1,31,30,6,-1,32,5,4,-1,
  32,31,5,-1,33,4,3,-1,33,32,4,-1,34,3,2,-1,34,33,3,-1,35,2,23,-1,35,34,2,-1,36,23,22,-1,
  36,35,23,-1,37,36,22,-1,37,22,21,-1,38,37,21,-1,38,21,20,-1,39,38,20,-1,39,20,19,-1,40,39,19,-1,
  40,19,18,-1,41,18,17,-1,41,40,18,-1,42,17,16,-1,42,41,17,-1,43,16,15,-1,43,42,16,-1,44,15,14,-1,
  44,43,15,-1,24,14,13,-1,24,44,14,-1]
  normalPerVertex TRUE
  normal DEF NORM_45 Normal { vector [
  0.86898505 -0.49483834 0,0.86735348 -0.49741147 -0.016726231,
  -0.99885113 0 0.047921054,-0.966823 -0.25100481 0.04743293,
  -0.87278549 -0.48593456 0.045968331,-0.72274996 -0.68973758 0.043526596,
  -0.52631214 -0.84934503 0.040106694,-0.29604472 -0.95450642 0.035707325,
  -0.046699763 -0.9984485 0.030327073,0.20572963 -0.9783154 0.023964587,
  0.44503025 -0.89536132 0.016618821,0.6558084 -0.75488187 0.0082893077,
  0.8244825 -0.56588653 -0.001023521,0.86898505 0.49483834 0,
  0.8244825 0.56588653 -0.001023521,0.6558084 0.75488187 0.0082893077,
  0.44503025 0.89536132 0.016618821,0.20572963 0.9783154 0.023964587,
  -0.046699763 0.9984485 0.030327073,-0.29604472 0.95450642 0.035707325,
  -0.52631214 0.84934503 0.040106694,-0.72274996 0.68973758 0.043526596,
  -0.87278549 0.48593456 0.045968331,-0.966823 0.25100481 0.04743293,
  0.86735348 0.49741147 -0.016726231,0.77027653 -0.63732209 -0.022240156,
  0.58206412 -0.81250457 -0.032213111,0.35543516 -0.93379826 -0.041068861,
  0.1054429 -0.9932268 -0.048808918,-0.1513486 -0.98692476 -0.055435673,
  -0.3979612 -0.91537519 -0.060951964,-0.61811953 -0.78336213 -0.065360709,
  -0.7973159 -0.59964367 -0.0686646,-0.92375577 -0.37636858 -0.070865865,
  -0.98912404 -0.12827519 -0.071966086,-0.98912404 0.12827519 -0.071966086,
  -0.92375577 0.37636858 -0.070865865,-0.7973159 0.59964367 -0.0686646,
  -0.61811953 0.78336213 -0.065360709,-0.3979612 0.91537519 -0.060951964,
  -0.1513486 0.98692476 -0.055435673,0.1054429 0.9932268 -0.048808918,
  0.35543516 0.93379826 -0.041068861,0.58206412 0.81250457 -0.032213111,
  0.77027653 0.63732209 -0.022240156] }
}
}
DEF SHAPE_46 Shape {
 appearance USE APP_1
 geometry DEF FACE_46 IndexedFaceSet {
  coord DEF COORD_46 Coordinate { point [
  -0.37598425 0 2.3622047,-0.34901841 -0.2146893 2.3622047,
  -0.26979613 -0.41604095 2.3622047,-0.14323914 -0.59154589 2.3622047,
  0.022790157 -0.7303008 2.3622047,0.21797713 -0.82368549 2.3622047,
  0.43019571 -0.86589839 2.3622047,0.64626173 -0.85431701 2.3622047,
  0.85275201 -0.78966085 2.3622047,1.0368383 -0.67594669 2.3622047,
  1.187084 -0.52023908 2.3622047,1.2941553 -0.3322114 2.3622047,
  1.3435557 -0.16935991 2.3622047,1.3602362 0 2.3622047,
  1.3435557 0.16935991 2.3622047,1.2941553 0.3322114 2.3622047,
  1.187084 0.52023908 2.3622047,1.0368383 0.67594669 2.3622047,
  0.85275201 0.78966085 2.3622047,0.64626173 0.85431701 2.3622047,
  0.43019571 0.86589839 2.3622047,0.21797713 0.82368549 2.3622047,
  0.022790157 0.7303008 2.3622047,-0.14323914 0.59154589 2.3622047,
  -0.26979613 0.41604095 2.3622047,-0.34901841 0.2146893 2.3622047] }
 coordIndex [
  20,21,22,-1,20,22,23,-1,1,23,24,-1,1,24,25,-1,1,25,0,-1,16,17,18,-1,4,1,2,-1,4,2,3,-1,
  4,18,19,-1,4,19,20,-1,4,20,23,-1,4,23,1,-1,4,16,18,-1,13,14,15,-1,13,15,16,-1,7,4,5,-1,
  7,5,6,-1,8,4,7,-1,9,10,11,-1,9,11,12,-1,9,12,13,-1,9,16,4,-1,9,13,16,-1,9,4,8,-1]
  normalPerVertex TRUE
  normal DEF NORM_46 Normal { vector [
  0 0 1,0 0 1,
  0 0 1,0 0 1,
  0 0 1,0 0 1,
  0 0 1,0 0 1,
  0 0 1,0 0 1,
  0 0 1,0 0 1,
  0 0 1,0 0 1,
  0 0 1,0 0 1,
  0 0 1,0 0 1,
  0 0 1,0 0 1,
  0 0 1,0 0 1,
  0 0 1,0 0 1,
  0 0 1,0 0 1] }
}
}
] }
] }
] }
