#VRML V2.0 utf8
DEF TXFM_1 Transform {
  center 0 0 0
  rotation 0 0 1 0
  scale 1 1 1
  scaleOrientation 0 0 1 0
  translation 0 0 0
 children [
DEF TXFM_2 Transform {
  center 0 0 0
  rotation 0 0 1 0
  scale 1 1 1
  scaleOrientation 0 0 1 0
  translation 0 0 0
 children [
DEF TXFM_3 Transform {
  center 0 0 0
  rotation 0 0 1 0
  scale 1 1 1
  scaleOrientation 0 0 1 0
  translation 0 0 0
 children [
DEF SHAPE_1 Shape {
 appearance DEF APP_1 Appearance {
  material Material {
   ambientIntensity 0.13665412
   diffuseColor 0.88300002 0.71100003 0.49200001
   emissiveColor 0 0 0
   shininess 0.1
   specularColor 0.12 0.12 0.12
   transparency 0
} }
 geometry DEF FACE_1 IndexedFaceSet {
  coord DEF COORD_1 Coordinate { point [
  0.49212598 0 0.63976378,0.4753572 0.12737158 0.63976378,
  0.4261936 0.24606299 0.63976378,0.34798562 0.34798562 0.63976378,
  0.24606299 0.4261936 0.63976378,0.12737158 0.4753572 0.63976378,
  0 0.49212598 0.63976378,-0.12737158 0.4753572 0.63976378,
  -0.24606299 0.4261936 0.63976378,-0.34798562 0.34798562 0.63976378,
  -0.4261936 0.24606299 0.63976378,-0.4753572 0.12737158 0.63976378,
  -0.49212598 0 0.63976378,-0.4753572 -0.12737158 0.63976378,
  -0.4261936 -0.24606299 0.63976378,-0.34798562 -0.34798562 0.63976378,
  -0.24606299 -0.4261936 0.63976378,-0.12737158 -0.4753572 0.63976378,
  0 -0.49212598 0.63976378,0.12737158 -0.4753572 0.63976378,
  0.24606299 -0.4261936 0.63976378,0.34798562 -0.34798562 0.63976378,
  0.4261936 -0.24606299 0.63976378,0.4753572 -0.12737158 0.63976378,
  0.49212598 0 0.63976378,0.49212598 0 1.0137795,
  0.49212598 0 1.0137795,0.4753572 0.12737158 1.0137795,
  0.4261936 0.24606299 1.0137795,0.34798562 0.34798562 1.0137795,
  0.24606299 0.4261936 1.0137795,0.12737158 0.4753572 1.0137795,
  0 0.49212598 1.0137795,-0.12737158 0.4753572 1.0137795,
  -0.24606299 0.4261936 1.0137795,-0.34798562 0.34798562 1.0137795,
  -0.4261936 0.24606299 1.0137795,-0.4753572 0.12737158 1.0137795,
  -0.49212598 0 1.0137795,-0.4753572 -0.12737158 1.0137795,
  -0.4261936 -0.24606299 1.0137795,-0.34798562 -0.34798562 1.0137795,
  -0.24606299 -0.4261936 1.0137795,-0.12737158 -0.4753572 1.0137795,
  0 -0.49212598 1.0137795,0.12737158 -0.4753572 1.0137795,
  0.24606299 -0.4261936 1.0137795,0.34798562 -0.34798562 1.0137795,
  0.4261936 -0.24606299 1.0137795,0.4753572 -0.12737158 1.0137795] }
 coordIndex [
  23,24,25,-1,23,25,49,-1,22,49,48,-1,22,23,49,-1,21,48,47,-1,21,22,48,-1,20,47,46,-1,20,21,47,-1,
  19,46,45,-1,19,20,46,-1,18,44,43,-1,18,45,44,-1,18,19,45,-1,17,18,43,-1,16,42,41,-1,16,43,42,-1,
  16,17,43,-1,15,16,41,-1,14,41,40,-1,14,15,41,-1,13,40,39,-1,13,14,40,-1,12,13,39,-1,12,39,38,-1,
  11,12,38,-1,11,38,37,-1,10,11,37,-1,10,37,36,-1,9,10,36,-1,9,36,35,-1,8,9,35,-1,8,35,34,-1,
  7,8,34,-1,7,34,33,-1,6,7,33,-1,6,33,32,-1,5,32,31,-1,5,6,32,-1,4,31,30,-1,4,5,31,-1,
  3,30,29,-1,3,4,30,-1,2,29,28,-1,2,3,29,-1,1,28,27,-1,1,2,28,-1,0,27,26,-1,0,1,27,-1]
  normalPerVertex TRUE
  normal DEF NORM_1 Normal { vector [
  0.99144486 0.13052619 0,0.95364993 0.30091828 0,
  0.84327172 0.5374875 0,0.67542593 0.73742784 0,
  0.46155098 0.88711369 0,0.21622209 0.9763442 0,
  -0.04384197 0.99903848 0,-0.30091828 0.95364993 0,
  -0.5374875 0.84327172 0,-0.73742784 0.67542593 0,
  -0.88711369 0.46155098 0,-0.9763442 0.21622209 0,
  -0.99903848 -0.04384197 0,-0.95364993 -0.30091828 0,
  -0.84327172 -0.5374875 0,-0.70710678 -0.70710678 0,
  -0.5 -0.8660254 0,-0.25881905 -0.96592583 0,
  0 -1 0,0.30091828 -0.95364993 0,
  0.5374875 -0.84327172 0,0.73742784 -0.67542593 0,
  0.88711369 -0.46155098 0,0.9763442 -0.21622209 0,
  0.99144486 -0.13052619 0,0.99144486 -0.13052619 0,
  0.99144486 0.13052619 0,0.9763442 0.21622209 0,
  0.88711369 0.46155098 0,0.73742784 0.67542593 0,
  0.5374875 0.84327172 0,0.30091828 0.95364993 0,
  0.04384197 0.99903848 0,-0.21622209 0.9763442 0,
  -0.46155098 0.88711369 0,-0.67542593 0.73742784 0,
  -0.84327172 0.5374875 0,-0.95364993 0.30091828 0,
  -0.99903848 0.04384197 0,-0.9763442 -0.21622209 0,
  -0.88711369 -0.46155098 0,-0.70710678 -0.70710678 0,
  -0.5 -0.8660254 0,-0.25881905 -0.96592583 0,
  0 -1 0,0.21622209 -0.9763442 0,
  0.46155098 -0.88711369 0,0.67542593 -0.73742784 0,
  0.84327172 -0.5374875 0,0.95364993 -0.30091828 0] }
}
}
DEF SHAPE_2 Shape {
 appearance USE APP_1
 geometry DEF FACE_2 IndexedFaceSet {
  coord DEF COORD_2 Coordinate { point [
  0.24606299 0 0.39370079,0.2376786 0.063685789 0.39370079,
  0.2130968 0.1230315 0.39370079,0.17399281 0.17399281 0.39370079,
  0.1230315 0.2130968 0.39370079,0.063685789 0.2376786 0.39370079,
  0 0.24606299 0.39370079,-0.063685789 0.2376786 0.39370079,
  -0.1230315 0.2130968 0.39370079,-0.17399281 0.17399281 0.39370079,
  -0.2130968 0.1230315 0.39370079,-0.2376786 0.063685789 0.39370079,
  -0.24606299 0 0.39370079,-0.2376786 -0.063685789 0.39370079,
  -0.2130968 -0.1230315 0.39370079,-0.17399281 -0.17399281 0.39370079,
  -0.1230315 -0.2130968 0.39370079,-0.063685789 -0.2376786 0.39370079,
  0 -0.24606299 0.39370079,0.063685789 -0.2376786 0.39370079,
  0.1230315 -0.2130968 0.39370079,0.17399281 -0.17399281 0.39370079,
  0.2130968 -0.1230315 0.39370079,0.2376786 -0.063685789 0.39370079,
  0.24606299 0 0.39370079,0.49212598 0 0.63976378,
  0.48374159 0 0.57607799,0.45915979 0 0.51673228,
  0.4200558 0 0.46577097,0.36909449 0 0.42666698,
  0.30974878 0 0.40208518,0.49212598 0 0.63976378,
  0.4753572 0.12737158 0.63976378,0.4261936 0.24606299 0.63976378,
  0.34798562 0.34798562 0.63976378,0.24606299 0.4261936 0.63976378,
  0.12737158 0.4753572 0.63976378,0 0.49212598 0.63976378,
  -0.12737158 0.4753572 0.63976378,-0.24606299 0.4261936 0.63976378,
  -0.34798562 0.34798562 0.63976378,-0.4261936 0.24606299 0.63976378,
  -0.4753572 0.12737158 0.63976378,-0.49212598 0 0.63976378,
  -0.4753572 -0.12737158 0.63976378,-0.4261936 -0.24606299 0.63976378,
  -0.34798562 -0.34798562 0.63976378,-0.24606299 -0.4261936 0.63976378,
  -0.12737158 -0.4753572 0.63976378,0 -0.49212598 0.63976378,
  0.12737158 -0.4753572 0.63976378,0.24606299 -0.4261936 0.63976378,
  0.34798562 -0.34798562 0.63976378,0.4261936 -0.24606299 0.63976378,
  0.4753572 -0.12737158 0.63976378,0.48374159 0 0.57607799,
  0.45915979 0 0.51673228,0.4200558 0 0.46577097,
  0.36909449 0 0.42666698,0.30974878 0 0.40208518,
  0.4672585 -0.12520154 0.57607799,0.4435143 -0.1188393 0.51673228,
  0.41893251 -0.2418708 0.57607799,0.40574275 -0.10871844 0.46577097,
  0.39764405 -0.2295799 0.51673228,0.3565179 -0.095528683 0.42666698,
  0.34205696 -0.34205696 0.57607799,0.363779 -0.2100279 0.46577097,
  0.29919435 -0.080168884 0.40208518,0.324675 -0.324675 0.51673228,
  0.3196452 -0.18454724 0.42666698,0.2418708 -0.41893251 0.57607799,
  0.29702431 -0.29702431 0.46577097,0.26825031 -0.15487439 0.40208518,
  0.2295799 -0.39764405 0.51673228,0.26098922 -0.26098922 0.42666698,
  0.12520154 -0.4672585 0.57607799,0.2100279 -0.363779 0.46577097,
  0.21902546 -0.21902546 0.40208518,0.1188393 -0.4435143 0.51673228,
  0.18454724 -0.3196452 0.42666698,0 -0.48374159 0.57607799,
  0.10871844 -0.40574275 0.46577097,0.15487439 -0.26825031 0.40208518,
  0 -0.45915979 0.51673228,0.095528683 -0.3565179 0.42666698,
  -0.12520154 -0.4672585 0.57607799,0 -0.4200558 0.46577097,
  0.080168884 -0.29919435 0.40208518,-0.1188393 -0.4435143 0.51673228,
  0 -0.36909449 0.42666698,-0.2418708 -0.41893251 0.57607799,
  -0.10871844 -0.40574275 0.46577097,0 -0.30974878 0.40208518,
  -0.2295799 -0.39764405 0.51673228,-0.095528683 -0.3565179 0.42666698,
  -0.34205696 -0.34205696 0.57607799,-0.2100279 -0.363779 0.46577097,
  -0.080168884 -0.29919435 0.40208518,-0.324675 -0.324675 0.51673228,
  -0.18454724 -0.3196452 0.42666698,-0.41893251 -0.2418708 0.57607799,
  -0.29702431 -0.29702431 0.46577097,-0.15487439 -0.26825031 0.40208518,
  -0.39764405 -0.2295799 0.51673228,-0.26098922 -0.26098922 0.42666698,
  -0.4672585 -0.12520154 0.57607799,-0.363779 -0.2100279 0.46577097,
  -0.21902546 -0.21902546 0.40208518,-0.4435143 -0.1188393 0.51673228,
  -0.3196452 -0.18454724 0.42666698,-0.48374159 0 0.57607799,
  -0.40574275 -0.10871844 0.46577097,-0.26825031 -0.15487439 0.40208518,
  -0.45915979 0 0.51673228,-0.3565179 -0.095528683 0.42666698,
  -0.4672585 0.12520154 0.57607799,-0.4200558 0 0.46577097,
  -0.29919435 -0.080168884 0.40208518,-0.4435143 0.1188393 0.51673228,
  -0.36909449 0 0.42666698,-0.41893251 0.2418708 0.57607799,
  -0.40574275 0.10871844 0.46577097,-0.30974878 0 0.40208518,
  -0.39764405 0.2295799 0.51673228,-0.3565179 0.095528683 0.42666698,
  -0.34205696 0.34205696 0.57607799,-0.363779 0.2100279 0.46577097,
  -0.29919435 0.080168884 0.40208518,-0.324675 0.324675 0.51673228,
  -0.3196452 0.18454724 0.42666698,-0.2418708 0.41893251 0.57607799,
  -0.29702431 0.29702431 0.46577097,-0.26825031 0.15487439 0.40208518,
  -0.2295799 0.39764405 0.51673228,-0.26098922 0.26098922 0.42666698,
  -0.12520154 0.4672585 0.57607799,-0.2100279 0.363779 0.46577097,
  -0.21902546 0.21902546 0.40208518,-0.1188393 0.4435143 0.51673228,
  -0.18454724 0.3196452 0.42666698,0 0.48374159 0.57607799,
  -0.10871844 0.40574275 0.46577097,-0.15487439 0.26825031 0.40208518,
  0 0.45915979 0.51673228,-0.095528683 0.3565179 0.42666698,
  0.12520154 0.4672585 0.57607799,0 0.4200558 0.46577097,
  -0.080168884 0.29919435 0.40208518,0.1188393 0.4435143 0.51673228,
  0 0.36909449 0.42666698,0.2418708 0.41893251 0.57607799,
  0.10871844 0.40574275 0.46577097,0 0.30974878 0.40208518,
  0.2295799 0.39764405 0.51673228,0.095528683 0.3565179 0.42666698,
  0.34205696 0.34205696 0.57607799,0.2100279 0.363779 0.46577097,
  0.080168884 0.29919435 0.40208518,0.324675 0.324675 0.51673228,
  0.18454724 0.3196452 0.42666698,0.41893251 0.2418708 0.57607799,
  0.29702431 0.29702431 0.46577097,0.15487439 0.26825031 0.40208518,
  0.39764405 0.2295799 0.51673228,0.26098922 0.26098922 0.42666698,
  0.4672585 0.12520154 0.57607799,0.363779 0.2100279 0.46577097,
  0.21902546 0.21902546 0.40208518,0.4435143 0.1188393 0.51673228,
  0.3196452 0.18454724 0.42666698,0.40574275 0.10871844 0.46577097,
  0.26825031 0.15487439 0.40208518,0.3565179 0.095528683 0.42666698,
  0.29919435 0.080168884 0.40208518] }
 coordIndex [
  0,1,59,-1,60,26,25,-1,60,25,54,-1,61,27,26,-1,61,26,60,-1,62,60,54,-1,62,54,53,-1,63,27,61,-1,
  63,28,27,-1,64,60,62,-1,64,61,60,-1,65,29,28,-1,65,28,63,-1,66,53,52,-1,66,62,53,-1,67,63,61,-1,
  67,61,64,-1,68,23,24,-1,68,30,29,-1,68,24,30,-1,68,29,65,-1,69,62,66,-1,69,64,62,-1,70,65,63,-1,
  70,63,67,-1,71,52,51,-1,71,66,52,-1,72,64,69,-1,72,67,64,-1,73,22,23,-1,73,23,68,-1,73,68,65,-1,
  73,65,70,-1,74,69,66,-1,74,66,71,-1,75,67,72,-1,75,70,67,-1,75,73,70,-1,76,51,50,-1,76,71,51,-1,
  77,72,69,-1,77,69,74,-1,77,75,72,-1,78,73,75,-1,78,21,22,-1,78,22,73,-1,79,71,76,-1,79,74,71,-1,
  80,75,77,-1,81,76,50,-1,81,49,48,-1,81,50,49,-1,82,77,74,-1,82,74,79,-1,83,21,78,-1,83,19,20,-1,
  83,20,21,-1,83,78,75,-1,83,75,80,-1,84,76,81,-1,84,79,76,-1,84,82,79,-1,85,77,82,-1,85,80,77,-1,
  86,81,48,-1,86,84,81,-1,87,82,84,-1,87,85,82,-1,88,19,83,-1,88,83,80,-1,88,80,85,-1,89,84,86,-1,
  90,85,87,-1,91,86,48,-1,91,48,47,-1,92,84,89,-1,92,90,87,-1,92,87,84,-1,93,88,85,-1,93,18,19,-1,
  93,19,88,-1,93,85,90,-1,94,89,86,-1,94,86,91,-1,95,93,90,-1,95,90,92,-1,96,91,47,-1,96,47,46,-1,
  97,92,89,-1,97,89,94,-1,98,18,93,-1,98,17,18,-1,98,93,95,-1,99,91,96,-1,99,94,91,-1,100,95,92,-1,
  100,92,97,-1,101,96,46,-1,101,45,44,-1,101,46,45,-1,102,94,99,-1,102,97,94,-1,103,16,17,-1,103,17,98,-1,
  103,98,95,-1,103,95,100,-1,104,96,101,-1,104,99,96,-1,105,100,97,-1,105,97,102,-1,106,101,44,-1,107,102,99,-1,
  107,99,104,-1,108,15,16,-1,108,16,103,-1,108,103,100,-1,108,100,105,-1,109,104,101,-1,109,101,106,-1,110,102,107,-1,
  110,105,102,-1,110,108,105,-1,111,43,42,-1,111,44,43,-1,111,106,44,-1,112,104,109,-1,112,107,104,-1,113,14,15,-1,
  113,108,110,-1,113,15,108,-1,114,109,106,-1,114,106,111,-1,114,112,109,-1,115,110,107,-1,115,107,112,-1,116,111,42,-1,
  116,42,41,-1,117,112,114,-1,118,12,13,-1,118,13,14,-1,118,14,113,-1,118,113,110,-1,118,110,115,-1,119,111,116,-1,
  119,114,111,-1,119,117,114,-1,120,115,112,-1,120,112,117,-1,120,118,115,-1,121,116,41,-1,122,117,119,-1,123,12,118,-1,
  123,118,120,-1,124,119,116,-1,124,116,121,-1,125,117,122,-1,125,120,117,-1,126,121,41,-1,126,124,121,-1,126,40,39,-1,
  126,41,40,-1,127,122,119,-1,127,119,124,-1,128,12,123,-1,128,11,12,-1,128,120,125,-1,128,123,120,-1,129,124,126,-1,
  130,125,122,-1,130,122,127,-1,131,126,39,-1,132,127,124,-1,132,124,129,-1,133,125,130,-1,133,9,10,-1,133,10,11,-1,
  133,11,128,-1,133,128,125,-1,134,129,126,-1,134,126,131,-1,135,133,130,-1,135,127,132,-1,135,130,127,-1,136,134,131,-1,
  136,131,39,-1,136,38,37,-1,136,39,38,-1,137,132,129,-1,137,129,134,-1,138,9,133,-1,138,133,135,-1,139,134,136,-1,
  140,135,132,-1,140,132,137,-1,141,136,37,-1,142,137,134,-1,142,140,137,-1,142,134,139,-1,143,8,9,-1,143,9,138,-1,
  143,138,135,-1,143,135,140,-1,144,139,136,-1,144,136,141,-1,145,140,142,-1,145,143,140,-1,146,37,36,-1,146,141,37,-1,
  147,142,139,-1,147,139,144,-1,148,6,7,-1,148,7,8,-1,148,8,143,-1,148,143,145,-1,149,144,141,-1,149,141,146,-1,
  150,145,142,-1,150,142,147,-1,150,148,145,-1,151,36,35,-1,151,146,36,-1,151,149,146,-1,152,147,144,-1,152,144,149,-1,
  153,6,148,-1,153,148,150,-1,154,149,151,-1,155,147,152,-1,155,150,147,-1,156,35,34,-1,156,151,35,-1,156,154,151,-1,
  157,152,149,-1,157,149,154,-1,158,150,155,-1,158,4,5,-1,158,5,6,-1,158,6,153,-1,158,153,150,-1,159,154,156,-1,
  160,155,152,-1,160,158,155,-1,160,152,157,-1,161,159,156,-1,161,34,33,-1,161,156,34,-1,162,157,154,-1,162,154,159,-1,
  163,3,4,-1,163,158,160,-1,163,4,158,-1,164,159,161,-1,165,160,157,-1,165,157,162,-1,166,32,31,-1,166,33,32,-1,
  166,31,55,-1,166,161,33,-1,167,159,164,-1,167,165,162,-1,167,162,159,-1,168,163,160,-1,168,3,163,-1,168,160,165,-1,
  169,164,161,-1,169,166,55,-1,169,55,56,-1,169,161,166,-1,170,165,167,-1,171,167,164,-1,171,164,169,-1,171,169,56,-1,
  171,56,57,-1,172,1,2,-1,172,2,3,-1,172,3,168,-1,172,165,170,-1,172,168,165,-1,173,170,167,-1,173,167,171,-1,
  173,57,58,-1,173,171,57,-1,174,1,172,-1,174,172,170,-1,174,170,173,-1,174,173,58,-1,174,58,59,-1,174,59,1,-1]
  normalPerVertex TRUE
  normal DEF NORM_2 Normal { vector [
  0.13050692 0.017181563 -0.99129851,0.12607862 0.033782664 -0.99144486,
  0.113039 0.065263096 -0.99144486,0.092295956 0.092295956 -0.99144486,
  0.059513207 0.11635538 -0.99142302,0.033782664 0.12607862 -0.99144486,
  0 0.13052619 -0.99144486,-0.033782664 0.12607862 -0.99144486,
  -0.059513207 0.11635538 -0.99142302,-0.092295956 0.092295956 -0.99144486,
  -0.113039 0.065263096 -0.99144486,-0.12435787 0.040193485 -0.99142302,
  -0.13052619 0 -0.99144486,-0.12607862 -0.033782664 -0.99144486,
  -0.11635538 -0.059513207 -0.99142302,-0.096987514 -0.087600331 -0.99142302,
  -0.07101011 -0.10971764 -0.99142302,-0.040193485 -0.12435787 -0.99142302,
  -0.0066377404 -0.13052332 -0.99142302,0.033782664 -0.12607862 -0.99144486,
  0.065263096 -0.113039 -0.99144486,0.087600331 -0.096987514 -0.99142302,
  0.10971764 -0.07101011 -0.99142302,0.12435787 -0.040193485 -0.99142302,
  0.13050692 -0.017181563 -0.99129851,0.9831056 -0.12942831 -0.12942831,
  0.94666413 -0.1246307 -0.29714344,0.83947055 -0.11051839 -0.53204783,
  0.67545758 -0.088925678 -0.73201727,0.46507283 -0.061228 -0.88315253,
  0.25866892 -0.03405441 -0.96536557,0.9831056 0.12942831 -0.12942831,
  0.9576622 0.25660481 -0.13052619,0.87930931 0.45804967 -0.13040562,
  0.7307956 0.67002401 -0.13040562,0.53247937 0.83633731 -0.13040562,
  0.29787555 0.94565561 -0.13040562,0 0.99144486 -0.13052619,
  -0.25660481 0.9576622 -0.13052619,-0.49572243 0.85861644 -0.13052619,
  -0.70105738 0.70105738 -0.13052619,-0.85861644 0.49572243 -0.13052619,
  -0.96789955 0.21486001 -0.13040562,-0.99144486 0 -0.13052619,
  -0.9576622 -0.25660481 -0.13052619,-0.85861644 -0.49572243 -0.13052619,
  -0.7307956 -0.67002401 -0.13040562,-0.53247937 -0.83633731 -0.13040562,
  -0.25660481 -0.9576622 -0.13052619,0 -0.99144486 -0.13052619,
  0.21486001 -0.96789955 -0.13040562,0.45804967 -0.87930931 -0.13040562,
  0.67002401 -0.7307956 -0.13040562,0.83633731 -0.53247937 -0.13040562,
  0.94565561 -0.29787555 -0.13040562,0.94666413 0.1246307 -0.29714344,
  0.83947055 0.11051839 -0.53204783,0.67545758 0.088925678 -0.73201727,
  0.46507283 0.061228 -0.88315253,0.22241673 0.029281718 -0.97451187,
  0.93414216 -0.24726826 -0.25736518,0.83940278 -0.21921539 -0.49734052,
  0.8383143 -0.48061658 -0.25736518,0.6881272 -0.17673368 -0.70373729,
  0.7540637 -0.42899923 -0.49734052,0.49057891 -0.12290279 -0.86268606,
  0.68535671 -0.68121167 -0.25736518,0.61893779 -0.34881205 -0.70373729,
  0.26133389 -0.057171924 -0.96355382,0.61733643 -0.60954749 -0.49734052,
  0.46356448 -0.24697613 -0.85094698,0.4856932 -0.83538332 -0.25736518,
  0.52976877 -0.49781418 -0.68667757,0.24937436 -0.14176223 -0.9579749,
  0.43853871 -0.74855609 -0.49734052,0.35959372 -0.35959372 -0.861037,
  0.25293049 -0.93262497 -0.25736518,0.36351677 -0.59601723 -0.71597418,
  0.17010311 -0.16604269 -0.97133658,0.25222262 -0.84255961 -0.47589606,
  0.23241244 -0.42016982 -0.8771783,0 -0.97645288 -0.21573078,
  0.19132054 -0.71401798 -0.6734796,0.13340951 -0.21321237 -0.96785453,
  0 -0.86831694 -0.49600977,0.12953151 -0.50656642 -0.85241542,
  -0.24694005 -0.9215928 -0.29947841,0.014553515 -0.69007321 -0.72359323,
  0.0857627 -0.27503022 -0.95760281,-0.23979565 -0.81920244 -0.52096585,
  -0.017894636 -0.52494668 -0.85094698,-0.48061658 -0.8383143 -0.25736518,
  -0.16440265 -0.678493 -0.71597418,0.0019174835 -0.28684564 -0.9579749,
  -0.42899923 -0.7540637 -0.49734052,-0.12059597 -0.45007028 -0.88481261,
  -0.68121167 -0.68535671 -0.25736518,-0.34881205 -0.61893779 -0.70373729,
  -0.058745633 -0.23033496 -0.97133658,-0.60954749 -0.61733643 -0.49734052,
  -0.24568614 -0.44205326 -0.86268606,-0.84914391 -0.47100706 -0.23897066,
  -0.49711946 -0.50756879 -0.70373729,-0.12286203 -0.23763197 -0.96355382,
  -0.74855609 -0.43853871 -0.49734052,-0.35853994 -0.38384678 -0.85094698,
  -0.932235 -0.2254477 -0.28303929,-0.61154899 -0.36160982 -0.70373729,
  -0.20147463 -0.20418636 -0.9579749,-0.84255961 -0.25222262 -0.47589606,
  -0.41837643 -0.2571317 -0.87111678,-0.97088372 0.016667875 -0.23897066,
  -0.70201272 -0.17769879 -0.68963852,-0.20441085 -0.12133198 -0.97133658,
  -0.86693186 -0.037776246 -0.49699306,-0.50242809 -0.15315109 -0.85094698,
  -0.92171521 0.29037926 -0.25713997,-0.71009624 0.031161981 -0.70341471,
  -0.2622176 -0.070260995 -0.96244757,-0.83396786 0.20402683 -0.51270915,
  -0.49089047 -0.013494372 -0.87111678,-0.8365163 0.48296291 -0.25881905,
  -0.66279281 0.1926617 -0.72359323,-0.25881905 0 -0.96592583,
  -0.75255776 0.45033234 -0.48047644,-0.49057891 0.12290279 -0.86268606,
  -0.68342491 0.68342491 -0.25663355,-0.61893779 0.34881205 -0.70373729,
  -0.26133389 0.057171924 -0.96355382,-0.5895523 0.61727034 -0.52096585,
  -0.46356448 0.24697613 -0.85094698,-0.48296291 0.8365163 -0.25881905,
  -0.50756879 0.49711946 -0.70373729,-0.23509787 0.13573382 -0.96244757,
  -0.42656796 0.76627813 -0.48047644,-0.35665394 0.33757002 -0.87111678,
  -0.25015088 0.93357579 -0.25663355,-0.38287355 0.61796582 -0.68667757,
  -0.1830127 0.1830127 -0.96592583,-0.2019321 0.82934795 -0.52096585,
  -0.27036657 0.46828863 -0.8411942,0.023514417 0.95882002 -0.28303929,
  -0.19686963 0.66979349 -0.71597418,-0.14508341 0.24745687 -0.9579749,
  -0.005507618 0.86753794 -0.49734052,-0.13276451 0.46144535 -0.8771783,
  0.22584256 0.94592148 -0.23286842,-0.0073887986 0.71042187 -0.70373729,
  -0.056429143 0.24509868 -0.96785453,0.24021136 0.84346956 -0.48047644,
  -0.013494372 0.49089047 -0.87111678,0.44642193 0.85708021 -0.25713997,
  0.17673368 0.6881272 -0.70373729,0 0.25881905 -0.96592583,
  0.46618112 0.73189689 -0.49699306,0.11858131 0.51169103 -0.85094698,
  0.65303916 0.71233342 -0.25713997,0.34881205 0.61893779 -0.70373729,
  0.070260995 0.2622176 -0.96244757,0.63972524 0.58630156 -0.49699306,
  0.23375876 0.4318708 -0.87111678,0.82280361 0.4974013 -0.2749294,
  0.49781418 0.52976877 -0.68667757,0.12133198 0.20441085 -0.97133658,
  0.74882473 0.40970247 -0.52096585,0.37393363 0.36546079 -0.85241542,
  0.94318106 0.2527246 -0.21573078,0.59601723 0.36351677 -0.71597418,
  0.1953018 0.21178778 -0.95760281,0.85756968 0.2297851 -0.46018805,
  0.42016982 0.23241244 -0.8771783,0.71401798 0.19132054 -0.6734796,
  0.21321237 0.13340951 -0.96785453,0.5223081 0.13995203 -0.8411942,
  0.29550357 0.079179942 -0.95205471] }
}
}
DEF SHAPE_3 Shape {
 appearance USE APP_1
 geometry DEF FACE_3 IndexedFaceSet {
  coord DEF COORD_3 Coordinate { point [
  0.49212598 0 1.0137795,0.4753572 0.12737158 1.0137795,
  0.4261936 0.24606299 1.0137795,0.34798562 0.34798562 1.0137795,
  0.24606299 0.4261936 1.0137795,0.12737158 0.4753572 1.0137795,
  0 0.49212598 1.0137795,-0.12737158 0.4753572 1.0137795,
  -0.24606299 0.4261936 1.0137795,-0.34798562 0.34798562 1.0137795,
  -0.4261936 0.24606299 1.0137795,-0.4753572 0.12737158 1.0137795,
  -0.49212598 0 1.0137795,-0.4753572 -0.12737158 1.0137795,
  -0.4261936 -0.24606299 1.0137795,-0.34798562 -0.34798562 1.0137795,
  -0.24606299 -0.4261936 1.0137795,-0.12737158 -0.4753572 1.0137795,
  0 -0.49212598 1.0137795,0.12737158 -0.4753572 1.0137795,
  0.24606299 -0.4261936 1.0137795,0.34798562 -0.34798562 1.0137795,
  0.4261936 -0.24606299 1.0137795,0.4753572 -0.12737158 1.0137795,
  0.44291339 0 1.0137795,0.42782148 -0.11463442 1.0137795,
  0.38357424 -0.22145669 1.0137795,0.31318706 -0.31318706 1.0137795,
  0.22145669 -0.38357424 1.0137795,0.11463442 -0.42782148 1.0137795,
  0 -0.44291339 1.0137795,-0.11463442 -0.42782148 1.0137795,
  -0.22145669 -0.38357424 1.0137795,-0.31318706 -0.31318706 1.0137795,
  -0.38357424 -0.22145669 1.0137795,-0.42782148 -0.11463442 1.0137795,
  -0.44291339 0 1.0137795,-0.42782148 0.11463442 1.0137795,
  -0.38357424 0.22145669 1.0137795,-0.31318706 0.31318706 1.0137795,
  -0.22145669 0.38357424 1.0137795,-0.11463442 0.42782148 1.0137795,
  0 0.44291339 1.0137795,0.11463442 0.42782148 1.0137795,
  0.22145669 0.38357424 1.0137795,0.31318706 0.31318706 1.0137795,
  0.38357424 0.22145669 1.0137795,0.42782148 0.11463442 1.0137795] }
 coordIndex [
  27,21,22,-1,28,20,21,-1,28,21,27,-1,26,27,22,-1,23,26,22,-1,29,19,20,-1,29,20,28,-1,25,26,23,-1,
  0,25,23,-1,30,18,19,-1,30,19,29,-1,24,25,0,-1,1,24,0,-1,31,17,18,-1,31,18,30,-1,47,24,1,-1,
  2,47,1,-1,32,16,17,-1,32,17,31,-1,46,47,2,-1,15,16,32,-1,33,15,32,-1,3,46,2,-1,45,46,3,-1,
  14,33,34,-1,14,15,33,-1,4,45,3,-1,4,44,45,-1,13,14,34,-1,13,34,35,-1,5,44,4,-1,5,43,44,-1,
  36,13,35,-1,12,13,36,-1,6,43,5,-1,6,42,43,-1,41,42,6,-1,7,41,6,-1,11,12,36,-1,11,36,37,-1,
  8,41,7,-1,8,40,41,-1,10,11,37,-1,10,37,38,-1,9,38,39,-1,9,39,40,-1,9,40,8,-1,9,10,38,-1]
  normalPerVertex TRUE
  normal DEF NORM_3 Normal { vector [
  0 0 1,0 0 1,
  0 0 1,0 0 1,
  0 0 1,0 0 1,
  0 0 1,0 0 1,
  0 0 1,0 0 1,
  0 0 1,0 0 1,
  0 0 1,0 0 1,
  0 0 1,0 0 1,
  0 0 1,0 0 1,
  0 0 1,0 0 1,
  0 0 1,0 0 1,
  0 0 1,0 0 1,
  0 0 1,0 0 1,
  0 0 1,0 0 1,
  0 0 1,0 0 1,
  0 0 1,0 0 1,
  0 0 1,0 0 1,
  0 0 1,0 0 1,
  0 0 1,0 0 1,
  0 0 1,0 0 1,
  0 0 1,0 0 1,
  0 0 1,0 0 1,
  0 0 1,0 0 1,
  0 0 1,0 0 1] }
}
}
DEF SHAPE_4 Shape {
 appearance USE APP_1
 geometry DEF FACE_4 IndexedFaceSet {
  coord DEF COORD_4 Coordinate { point [
  0.24606299 0 0.39370079,0.2376786 0.063685789 0.39370079,
  0.2130968 0.1230315 0.39370079,0.17399281 0.17399281 0.39370079,
  0.1230315 0.2130968 0.39370079,0.063685789 0.2376786 0.39370079,
  0 0.24606299 0.39370079,-0.063685789 0.2376786 0.39370079,
  -0.1230315 0.2130968 0.39370079,-0.17399281 0.17399281 0.39370079,
  -0.2130968 0.1230315 0.39370079,-0.2376786 0.063685789 0.39370079,
  -0.24606299 0 0.39370079,-0.2376786 -0.063685789 0.39370079,
  -0.2130968 -0.1230315 0.39370079,-0.17399281 -0.17399281 0.39370079,
  -0.1230315 -0.2130968 0.39370079,-0.063685789 -0.2376786 0.39370079,
  0 -0.24606299 0.39370079,0.063685789 -0.2376786 0.39370079,
  0.1230315 -0.2130968 0.39370079,0.17399281 -0.17399281 0.39370079,
  0.2130968 -0.1230315 0.39370079,0.2376786 -0.063685789 0.39370079,
  0.11811024 0 0.39370079,0.11408573 0.030569179 0.39370079,
  0.10228647 0.059055118 0.39370079,0.083516549 0.083516549 0.39370079,
  0.059055118 0.10228647 0.39370079,0.030569179 0.11408573 0.39370079,
  0 0.11811024 0.39370079,-0.030569179 0.11408573 0.39370079,
  -0.059055118 0.10228647 0.39370079,-0.083516549 0.083516549 0.39370079,
  -0.10228647 0.059055118 0.39370079,-0.11408573 0.030569179 0.39370079,
  -0.11811024 0 0.39370079,-0.11408573 -0.030569179 0.39370079,
  -0.10228647 -0.059055118 0.39370079,-0.083516549 -0.083516549 0.39370079,
  -0.059055118 -0.10228647 0.39370079,-0.030569179 -0.11408573 0.39370079,
  0 -0.11811024 0.39370079,0.030569179 -0.11408573 0.39370079,
  0.059055118 -0.10228647 0.39370079,0.083516549 -0.083516549 0.39370079,
  0.10228647 -0.059055118 0.39370079,0.11408573 -0.030569179 0.39370079] }
 coordIndex [
  44,21,20,-1,44,45,21,-1,46,22,21,-1,46,21,45,-1,47,23,22,-1,47,22,46,-1,43,20,19,-1,43,44,20,-1,
  24,0,23,-1,24,23,47,-1,42,19,18,-1,42,43,19,-1,41,18,17,-1,41,42,18,-1,25,1,0,-1,25,0,24,-1,
  40,17,16,-1,40,41,17,-1,26,2,1,-1,26,1,25,-1,39,16,15,-1,39,40,16,-1,27,3,2,-1,27,2,26,-1,
  14,37,38,-1,14,38,39,-1,14,39,15,-1,4,27,28,-1,4,3,27,-1,13,37,14,-1,5,4,28,-1,5,28,29,-1,
  12,37,13,-1,12,36,37,-1,6,5,29,-1,6,29,30,-1,6,30,31,-1,7,6,31,-1,11,36,12,-1,11,35,36,-1,
  8,31,32,-1,8,7,31,-1,10,34,35,-1,10,35,11,-1,9,8,32,-1,9,32,33,-1,9,33,34,-1,9,34,10,-1]
  normalPerVertex TRUE
  normal DEF NORM_4 Normal { vector [
  0 0 -1,0 0 -1,
  0 0 -1,0 0 -1,
  0 0 -1,0 0 -1,
  0 0 -1,0 0 -1,
  0 0 -1,0 0 -1,
  0 0 -1,0 0 -1,
  0 0 -1,0 0 -1,
  0 0 -1,0 0 -1,
  0 0 -1,0 0 -1,
  0 0 -1,0 0 -1,
  0 0 -1,0 0 -1,
  0 0 -1,0 0 -1,
  0 0 -1,0 0 -1,
  0 0 -1,0 0 -1,
  0 0 -1,0 0 -1,
  0 0 -1,0 0 -1,
  0 0 -1,0 0 -1,
  0 0 -1,0 0 -1,
  0 0 -1,0 0 -1,
  0 0 -1,0 0 -1,
  0 0 -1,0 0 -1,
  0 0 -1,0 0 -1,
  0 0 -1,0 0 -1,
  0 0 -1,0 0 -1] }
}
}
DEF SHAPE_5 Shape {
 appearance USE APP_1
 geometry DEF FACE_5 IndexedFaceSet {
  coord DEF COORD_5 Coordinate { point [
  0.44291339 0 2.253937,0.42782148 -0.11463442 2.253937,
  0.38357424 -0.22145669 2.253937,0.31318706 -0.31318706 2.253937,
  0.22145669 -0.38357424 2.253937,0.11463442 -0.42782148 2.253937,
  0 -0.44291339 2.253937,-0.11463442 -0.42782148 2.253937,
  -0.22145669 -0.38357424 2.253937,-0.31318706 -0.31318706 2.253937,
  -0.38357424 -0.22145669 2.253937,-0.42782148 -0.11463442 2.253937,
  -0.44291339 0 2.253937,-0.42782148 0.11463442 2.253937,
  -0.38357424 0.22145669 2.253937,-0.31318706 0.31318706 2.253937,
  -0.22145669 0.38357424 2.253937,-0.11463442 0.42782148 2.253937,
  0 0.44291339 2.253937,0.11463442 0.42782148 2.253937,
  0.22145669 0.38357424 2.253937,0.31318706 0.31318706 2.253937,
  0.38357424 0.22145669 2.253937,0.42782148 0.11463442 2.253937,
  0.44291339 0 2.253937,0.44291339 0 1.0137795,
  0.44291339 0 1.0137795,0.42782148 -0.11463442 1.0137795,
  0.38357424 -0.22145669 1.0137795,0.31318706 -0.31318706 1.0137795,
  0.22145669 -0.38357424 1.0137795,0.11463442 -0.42782148 1.0137795,
  0 -0.44291339 1.0137795,-0.11463442 -0.42782148 1.0137795,
  -0.22145669 -0.38357424 1.0137795,-0.31318706 -0.31318706 1.0137795,
  -0.38357424 -0.22145669 1.0137795,-0.42782148 -0.11463442 1.0137795,
  -0.44291339 0 1.0137795,-0.42782148 0.11463442 1.0137795,
  -0.38357424 0.22145669 1.0137795,-0.31318706 0.31318706 1.0137795,
  -0.22145669 0.38357424 1.0137795,-0.11463442 0.42782148 1.0137795,
  0 0.44291339 1.0137795,0.11463442 0.42782148 1.0137795,
  0.22145669 0.38357424 1.0137795,0.31318706 0.31318706 1.0137795,
  0.38357424 0.22145669 1.0137795,0.42782148 0.11463442 1.0137795] }
 coordIndex [
  27,0,1,-1,27,26,0,-1,28,1,2,-1,28,27,1,-1,29,2,3,-1,29,28,2,-1,30,3,4,-1,30,29,3,-1,
  31,4,5,-1,31,30,4,-1,32,5,6,-1,32,31,5,-1,33,6,7,-1,33,32,6,-1,34,7,8,-1,34,8,9,-1,
  34,33,7,-1,35,34,9,-1,36,9,10,-1,36,35,9,-1,37,10,11,-1,37,36,10,-1,38,37,11,-1,38,11,12,-1,
  39,38,12,-1,39,12,13,-1,40,39,13,-1,40,13,14,-1,41,14,15,-1,41,40,14,-1,42,15,16,-1,42,41,15,-1,
  42,16,17,-1,43,42,17,-1,44,17,18,-1,44,43,17,-1,45,18,19,-1,45,19,20,-1,45,44,18,-1,46,45,20,-1,
  47,20,21,-1,47,46,20,-1,48,21,22,-1,48,22,23,-1,48,47,21,-1,49,48,23,-1,25,23,24,-1,25,49,23,-1]
  normalPerVertex TRUE
  normal DEF NORM_5 Normal { vector [
  0.99144486 -0.13052619 0,0.95364993 -0.30091828 0,
  0.84327172 -0.5374875 0,0.67542593 -0.73742784 0,
  0.46155098 -0.88711369 0,0.21622209 -0.9763442 0,
  -0.04384197 -0.99903848 0,-0.30091828 -0.95364993 0,
  -0.5 -0.8660254 0,-0.70710678 -0.70710678 0,
  -0.88711369 -0.46155098 0,-0.9763442 -0.21622209 0,
  -0.99903848 0.04384197 0,-0.95364993 0.30091828 0,
  -0.84327172 0.5374875 0,-0.67542593 0.73742784 0,
  -0.5 0.8660254 0,-0.25881905 0.96592583 0,
  0.04384197 0.99903848 0,0.25881905 0.96592583 0,
  0.5 0.8660254 0,0.73742784 0.67542593 0,
  0.8660254 0.5 0,0.96592583 0.25881905 0,
  0.99144486 0.13052619 0,0.99144486 0.13052619 0,
  0.99144486 -0.13052619 0,0.9763442 -0.21622209 0,
  0.88711369 -0.46155098 0,0.73742784 -0.67542593 0,
  0.5374875 -0.84327172 0,0.30091828 -0.95364993 0,
  0.04384197 -0.99903848 0,-0.21622209 -0.9763442 0,
  -0.5 -0.8660254 0,-0.70710678 -0.70710678 0,
  -0.84327172 -0.5374875 0,-0.95364993 -0.30091828 0,
  -0.99903848 -0.04384197 0,-0.9763442 0.21622209 0,
  -0.88711369 0.46155098 0,-0.73742784 0.67542593 0,
  -0.5 0.8660254 0,-0.25881905 0.96592583 0,
  -0.04384197 0.99903848 0,0.25881905 0.96592583 0,
  0.5 0.8660254 0,0.67542593 0.73742784 0,
  0.8660254 0.5 0,0.96592583 0.25881905 0] }
}
}
DEF SHAPE_6 Shape {
 appearance DEF APP_2 Appearance {
  material Material {
   ambientIntensity 0.122244
   diffuseColor 0.824 0.81999999 0.78100002
   emissiveColor 0 0 0
   shininess 0.1
   specularColor 0.12 0.12 0.12
   transparency 0
} }
 geometry DEF FACE_6 IndexedFaceSet {
  coord DEF COORD_6 Coordinate { point [
  0.11811024 0 -1.1811024,0.11408573 0.030569179 -1.1811024,
  0.10228647 0.059055118 -1.1811024,0.083516549 0.083516549 -1.1811024,
  0.059055118 0.10228647 -1.1811024,0.030569179 0.11408573 -1.1811024,
  0 0.11811024 -1.1811024,-0.030569179 0.11408573 -1.1811024,
  -0.059055118 0.10228647 -1.1811024,-0.083516549 0.083516549 -1.1811024,
  -0.10228647 0.059055118 -1.1811024,-0.11408573 0.030569179 -1.1811024,
  -0.11811024 0 -1.1811024,-0.11408573 -0.030569179 -1.1811024,
  -0.10228647 -0.059055118 -1.1811024,-0.083516549 -0.083516549 -1.1811024,
  -0.059055118 -0.10228647 -1.1811024,-0.030569179 -0.11408573 -1.1811024,
  0 -0.11811024 -1.1811024,0.030569179 -0.11408573 -1.1811024,
  0.059055118 -0.10228647 -1.1811024,0.083516549 -0.083516549 -1.1811024,
  0.10228647 -0.059055118 -1.1811024,0.11408573 -0.030569179 -1.1811024,
  0.11811024 0 -1.1811024,0.11811024 0 0.39370079,
  0.11811024 0 0.39370079,0.11408573 0.030569179 0.39370079,
  0.10228647 0.059055118 0.39370079,0.083516549 0.083516549 0.39370079,
  0.059055118 0.10228647 0.39370079,0.030569179 0.11408573 0.39370079,
  0 0.11811024 0.39370079,-0.030569179 0.11408573 0.39370079,
  -0.059055118 0.10228647 0.39370079,-0.083516549 0.083516549 0.39370079,
  -0.10228647 0.059055118 0.39370079,-0.11408573 0.030569179 0.39370079,
  -0.11811024 0 0.39370079,-0.11408573 -0.030569179 0.39370079,
  -0.10228647 -0.059055118 0.39370079,-0.083516549 -0.083516549 0.39370079,
  -0.059055118 -0.10228647 0.39370079,-0.030569179 -0.11408573 0.39370079,
  0 -0.11811024 0.39370079,0.030569179 -0.11408573 0.39370079,
  0.059055118 -0.10228647 0.39370079,0.083516549 -0.083516549 0.39370079,
  0.10228647 -0.059055118 0.39370079,0.11408573 -0.030569179 0.39370079] }
 coordIndex [
  27,0,1,-1,27,26,0,-1,28,1,2,-1,28,27,1,-1,29,2,3,-1,29,28,2,-1,30,3,4,-1,30,29,3,-1,
  31,4,5,-1,31,30,4,-1,32,5,6,-1,32,6,7,-1,32,31,5,-1,33,32,7,-1,34,7,8,-1,34,33,7,-1,
  35,8,9,-1,35,34,8,-1,36,9,10,-1,36,10,11,-1,36,35,9,-1,37,36,11,-1,38,37,11,-1,38,11,12,-1,
  38,12,13,-1,39,38,13,-1,40,39,13,-1,40,13,14,-1,41,14,15,-1,41,40,14,-1,42,41,15,-1,42,15,16,-1,
  43,16,17,-1,43,42,16,-1,44,17,18,-1,44,18,19,-1,44,43,17,-1,45,44,19,-1,46,19,20,-1,46,45,19,-1,
  47,20,21,-1,47,46,20,-1,48,21,22,-1,48,47,21,-1,49,22,23,-1,49,48,22,-1,25,23,24,-1,25,49,23,-1]
  normalPerVertex TRUE
  normal DEF NORM_6 Normal { vector [
  0.99144486 0.13052619 0,0.95364993 0.30091828 0,
  0.84327172 0.5374875 0,0.67542593 0.73742784 0,
  0.46155098 0.88711369 0,0.21622209 0.9763442 0,
  0 1 0,-0.25881905 0.96592583 0,
  -0.5374875 0.84327172 0,-0.73742784 0.67542593 0,
  -0.8660254 0.5 0,-0.96592583 0.25881905 0,
  -1 0 0,-0.96592583 -0.25881905 0,
  -0.84327172 -0.5374875 0,-0.67542593 -0.73742784 0,
  -0.46155098 -0.88711369 0,-0.21622209 -0.9763442 0,
  0 -1 0,0.25881905 -0.96592583 0,
  0.5374875 -0.84327172 0,0.73742784 -0.67542593 0,
  0.88711369 -0.46155098 0,0.9763442 -0.21622209 0,
  0.99144486 -0.13052619 0,0.99144486 -0.13052619 0,
  0.99144486 0.13052619 0,0.9763442 0.21622209 0,
  0.88711369 0.46155098 0,0.73742784 0.67542593 0,
  0.5374875 0.84327172 0,0.30091828 0.95364993 0,
  0 1 0,-0.25881905 0.96592583 0,
  -0.46155098 0.88711369 0,-0.67542593 0.73742784 0,
  -0.8660254 0.5 0,-0.96592583 0.25881905 0,
  -1 0 0,-0.96592583 -0.25881905 0,
  -0.88711369 -0.46155098 0,-0.73742784 -0.67542593 0,
  -0.5374875 -0.84327172 0,-0.30091828 -0.95364993 0,
  0 -1 0,0.25881905 -0.96592583 0,
  0.46155098 -0.88711369 0,0.67542593 -0.73742784 0,
  0.84327172 -0.5374875 0,0.95364993 -0.30091828 0] }
}
}
DEF SHAPE_7 Shape {
 appearance USE APP_1
 geometry DEF FACE_7 IndexedFaceSet {
  coord DEF COORD_7 Coordinate { point [
  0.49212598 0 2.253937,0.4753572 0.12737158 2.253937,
  0.4261936 0.24606299 2.253937,0.34798562 0.34798562 2.253937,
  0.24606299 0.4261936 2.253937,0.12737158 0.4753572 2.253937,
  0 0.49212598 2.253937,-0.12737158 0.4753572 2.253937,
  -0.24606299 0.4261936 2.253937,-0.34798562 0.34798562 2.253937,
  -0.4261936 0.24606299 2.253937,-0.4753572 0.12737158 2.253937,
  -0.49212598 0 2.253937,-0.4753572 -0.12737158 2.253937,
  -0.4261936 -0.24606299 2.253937,-0.34798562 -0.34798562 2.253937,
  -0.24606299 -0.4261936 2.253937,-0.12737158 -0.4753572 2.253937,
  0 -0.49212598 2.253937,0.12737158 -0.4753572 2.253937,
  0.24606299 -0.4261936 2.253937,0.34798562 -0.34798562 2.253937,
  0.4261936 -0.24606299 2.253937,0.4753572 -0.12737158 2.253937,
  0.44291339 0 2.253937,0.42782148 -0.11463442 2.253937,
  0.38357424 -0.22145669 2.253937,0.31318706 -0.31318706 2.253937,
  0.22145669 -0.38357424 2.253937,0.11463442 -0.42782148 2.253937,
  0 -0.44291339 2.253937,-0.11463442 -0.42782148 2.253937,
  -0.22145669 -0.38357424 2.253937,-0.31318706 -0.31318706 2.253937,
  -0.38357424 -0.22145669 2.253937,-0.42782148 -0.11463442 2.253937,
  -0.44291339 0 2.253937,-0.42782148 0.11463442 2.253937,
  -0.38357424 0.22145669 2.253937,-0.31318706 0.31318706 2.253937,
  -0.22145669 0.38357424 2.253937,-0.11463442 0.42782148 2.253937,
  0 0.44291339 2.253937,0.11463442 0.42782148 2.253937,
  0.22145669 0.38357424 2.253937,0.31318706 0.31318706 2.253937,
  0.38357424 0.22145669 2.253937,0.42782148 0.11463442 2.253937] }
 coordIndex [
  27,22,21,-1,28,21,20,-1,28,27,21,-1,26,22,27,-1,23,22,26,-1,29,20,19,-1,29,28,20,-1,25,23,26,-1,
  0,23,25,-1,30,19,18,-1,30,29,19,-1,24,0,25,-1,1,0,24,-1,31,18,17,-1,31,30,18,-1,47,1,24,-1,
  2,1,47,-1,32,17,16,-1,32,31,17,-1,46,2,47,-1,15,32,16,-1,33,32,15,-1,3,2,46,-1,45,3,46,-1,
  14,34,33,-1,14,33,15,-1,4,3,45,-1,4,45,44,-1,13,34,14,-1,13,35,34,-1,5,4,44,-1,5,44,43,-1,
  36,35,13,-1,12,36,13,-1,6,5,43,-1,6,43,42,-1,41,6,42,-1,7,6,41,-1,11,36,12,-1,11,37,36,-1,
  8,7,41,-1,8,41,40,-1,10,37,11,-1,10,38,37,-1,9,39,38,-1,9,40,39,-1,9,8,40,-1,9,38,10,-1]
  normalPerVertex TRUE
  normal DEF NORM_7 Normal { vector [
  0 0 -1,0 0 -1,
  0 0 -1,0 0 -1,
  0 0 -1,0 0 -1,
  0 0 -1,0 0 -1,
  0 0 -1,0 0 -1,
  0 0 -1,0 0 -1,
  0 0 -1,0 0 -1,
  0 0 -1,0 0 -1,
  0 0 -1,0 0 -1,
  0 0 -1,0 0 -1,
  0 0 -1,0 0 -1,
  0 0 -1,0 0 -1,
  0 0 -1,0 0 -1,
  0 0 -1,0 0 -1,
  0 0 -1,0 0 -1,
  0 0 -1,0 0 -1,
  0 0 -1,0 0 -1,
  0 0 -1,0 0 -1,
  0 0 -1,0 0 -1,
  0 0 -1,0 0 -1,
  0 0 -1,0 0 -1,
  0 0 -1,0 0 -1,
  0 0 -1,0 0 -1,
  0 0 -1,0 0 -1] }
}
}
DEF SHAPE_8 Shape {
 appearance USE APP_2
 geometry DEF FACE_8 IndexedFaceSet {
  coord DEF COORD_8 Coordinate { point [
  0.11811024 0 -1.1811024,0.11408573 0.030569179 -1.1811024,
  0.10228647 0.059055118 -1.1811024,0.083516549 0.083516549 -1.1811024,
  0.059055118 0.10228647 -1.1811024,0.030569179 0.11408573 -1.1811024,
  0 0.11811024 -1.1811024,-0.030569179 0.11408573 -1.1811024,
  -0.059055118 0.10228647 -1.1811024,-0.083516549 0.083516549 -1.1811024,
  -0.10228647 0.059055118 -1.1811024,-0.11408573 0.030569179 -1.1811024,
  -0.11811024 0 -1.1811024,-0.11408573 -0.030569179 -1.1811024,
  -0.10228647 -0.059055118 -1.1811024,-0.083516549 -0.083516549 -1.1811024,
  -0.059055118 -0.10228647 -1.1811024,-0.030569179 -0.11408573 -1.1811024,
  0 -0.11811024 -1.1811024,0.030569179 -0.11408573 -1.1811024,
  0.059055118 -0.10228647 -1.1811024,0.083516549 -0.083516549 -1.1811024,
  0.10228647 -0.059055118 -1.1811024,0.11408573 -0.030569179 -1.1811024] }
 coordIndex [
  13,15,14,-1,9,1,0,-1,9,2,1,-1,9,3,2,-1,9,4,3,-1,9,5,4,-1,9,6,5,-1,9,7,6,-1,
  9,8,7,-1,9,11,10,-1,9,12,11,-1,9,13,12,-1,9,16,15,-1,9,17,16,-1,9,18,17,-1,9,19,18,-1,
  9,20,19,-1,9,21,20,-1,9,22,21,-1,9,23,22,-1,9,0,23,-1,9,15,13,-1]
  normalPerVertex TRUE
  normal DEF NORM_8 Normal { vector [
  0 0 -1,0 0 -1,
  0 0 -1,0 0 -1,
  0 0 -1,0 0 -1,
  0 0 -1,0 0 -1,
  0 0 -1,0 0 -1,
  0 0 -1,0 0 -1,
  0 0 -1,0 0 -1,
  0 0 -1,0 0 -1,
  0 0 -1,0 0 -1,
  0 0 -1,0 0 -1,
  0 0 -1,0 0 -1,
  0 0 -1,0 0 -1] }
}
}
DEF SHAPE_9 Shape {
 appearance USE APP_1
 geometry DEF FACE_9 IndexedFaceSet {
  coord DEF COORD_9 Coordinate { point [
  0.49212598 0 2.253937,0.4753572 0.12737158 2.253937,
  0.4261936 0.24606299 2.253937,0.34798562 0.34798562 2.253937,
  0.24606299 0.4261936 2.253937,0.12737158 0.4753572 2.253937,
  0 0.49212598 2.253937,-0.12737158 0.4753572 2.253937,
  -0.24606299 0.4261936 2.253937,-0.34798562 0.34798562 2.253937,
  -0.4261936 0.24606299 2.253937,-0.4753572 0.12737158 2.253937,
  -0.49212598 0 2.253937,-0.4753572 -0.12737158 2.253937,
  -0.4261936 -0.24606299 2.253937,-0.34798562 -0.34798562 2.253937,
  -0.24606299 -0.4261936 2.253937,-0.12737158 -0.4753572 2.253937,
  0 -0.49212598 2.253937,0.12737158 -0.4753572 2.253937,
  0.24606299 -0.4261936 2.253937,0.34798562 -0.34798562 2.253937,
  0.4261936 -0.24606299 2.253937,0.4753572 -0.12737158 2.253937,
  0.49212598 0 2.253937,0.49212598 0 2.6279528,
  0.49212598 0 2.6279528,0.4753572 0.12737158 2.6279528,
  0.4261936 0.24606299 2.6279528,0.34798562 0.34798562 2.6279528,
  0.24606299 0.4261936 2.6279528,0.12737158 0.4753572 2.6279528,
  0 0.49212598 2.6279528,-0.12737158 0.4753572 2.6279528,
  -0.24606299 0.4261936 2.6279528,-0.34798562 0.34798562 2.6279528,
  -0.4261936 0.24606299 2.6279528,-0.4753572 0.12737158 2.6279528,
  -0.49212598 0 2.6279528,-0.4753572 -0.12737158 2.6279528,
  -0.4261936 -0.24606299 2.6279528,-0.34798562 -0.34798562 2.6279528,
  -0.24606299 -0.4261936 2.6279528,-0.12737158 -0.4753572 2.6279528,
  0 -0.49212598 2.6279528,0.12737158 -0.4753572 2.6279528,
  0.24606299 -0.4261936 2.6279528,0.34798562 -0.34798562 2.6279528,
  0.4261936 -0.24606299 2.6279528,0.4753572 -0.12737158 2.6279528] }
 coordIndex [
  23,24,25,-1,23,25,49,-1,22,49,48,-1,22,23,49,-1,21,48,47,-1,21,22,48,-1,20,47,46,-1,20,21,47,-1,
  19,46,45,-1,19,20,46,-1,18,44,43,-1,18,45,44,-1,18,19,45,-1,17,18,43,-1,16,42,41,-1,16,43,42,-1,
  16,17,43,-1,15,41,40,-1,15,16,41,-1,14,15,40,-1,13,39,38,-1,13,40,39,-1,13,14,40,-1,12,13,38,-1,
  11,12,38,-1,11,38,37,-1,10,11,37,-1,10,37,36,-1,9,10,36,-1,9,36,35,-1,8,9,35,-1,8,34,33,-1,
  8,35,34,-1,7,8,33,-1,6,7,33,-1,6,33,32,-1,5,32,31,-1,5,6,32,-1,4,31,30,-1,4,5,31,-1,
  3,30,29,-1,3,4,30,-1,2,29,28,-1,2,3,29,-1,1,28,27,-1,1,2,28,-1,0,27,26,-1,0,1,27,-1]
  normalPerVertex TRUE
  normal DEF NORM_9 Normal { vector [
  0.99144486 0.13052619 0,0.95364993 0.30091828 0,
  0.84327172 0.5374875 0,0.67542593 0.73742784 0,
  0.46155098 0.88711369 0,0.21622209 0.9763442 0,
  -0.04384197 0.99903848 0,-0.25881905 0.96592583 0,
  -0.5 0.8660254 0,-0.73742784 0.67542593 0,
  -0.88711369 0.46155098 0,-0.9763442 0.21622209 0,
  -1 0 0,-0.96592583 -0.25881905 0,
  -0.8660254 -0.5 0,-0.73742784 -0.67542593 0,
  -0.5 -0.8660254 0,-0.25881905 -0.96592583 0,
  0 -1 0,0.30091828 -0.95364993 0,
  0.5374875 -0.84327172 0,0.73742784 -0.67542593 0,
  0.88711369 -0.46155098 0,0.9763442 -0.21622209 0,
  0.99144486 -0.13052619 0,0.99144486 -0.13052619 0,
  0.99144486 0.13052619 0,0.9763442 0.21622209 0,
  0.88711369 0.46155098 0,0.73742784 0.67542593 0,
  0.5374875 0.84327172 0,0.30091828 0.95364993 0,
  0.04384197 0.99903848 0,-0.25881905 0.96592583 0,
  -0.5 0.8660254 0,-0.67542593 0.73742784 0,
  -0.84327172 0.5374875 0,-0.95364993 0.30091828 0,
  -1 0 0,-0.96592583 -0.25881905 0,
  -0.8660254 -0.5 0,-0.67542593 -0.73742784 0,
  -0.5 -0.8660254 0,-0.25881905 -0.96592583 0,
  0 -1 0,0.21622209 -0.9763442 0,
  0.46155098 -0.88711369 0,0.67542593 -0.73742784 0,
  0.84327172 -0.5374875 0,0.95364993 -0.30091828 0] }
}
}
DEF SHAPE_10 Shape {
 appearance USE APP_1
 geometry DEF FACE_10 IndexedFaceSet {
  coord DEF COORD_10 Coordinate { point [
  0.49212598 0 2.6279528,0.48374159 0 2.6916385,
  0.45915979 0 2.7509843,0.4200558 0 2.8019456,
  0.36909449 0 2.8410496,0.30974878 0 2.8656314,
  0.24606299 0 2.8740157,0.4753572 0.12737158 2.6279528,
  0.4261936 0.24606299 2.6279528,0.34798562 0.34798562 2.6279528,
  0.24606299 0.4261936 2.6279528,0.12737158 0.4753572 2.6279528,
  0 0.49212598 2.6279528,-0.12737158 0.4753572 2.6279528,
  -0.24606299 0.4261936 2.6279528,-0.34798562 0.34798562 2.6279528,
  -0.4261936 0.24606299 2.6279528,-0.4753572 0.12737158 2.6279528,
  -0.49212598 0 2.6279528,-0.4753572 -0.12737158 2.6279528,
  -0.4261936 -0.24606299 2.6279528,-0.34798562 -0.34798562 2.6279528,
  -0.24606299 -0.4261936 2.6279528,-0.12737158 -0.4753572 2.6279528,
  0 -0.49212598 2.6279528,0.12737158 -0.4753572 2.6279528,
  0.24606299 -0.4261936 2.6279528,0.34798562 -0.34798562 2.6279528,
  0.4261936 -0.24606299 2.6279528,0.4753572 -0.12737158 2.6279528,
  0.49212598 0 2.6279528,0.48374159 0 2.6916385,
  0.45915979 0 2.7509843,0.4200558 0 2.8019456,
  0.36909449 0 2.8410496,0.30974878 0 2.8656314,
  0.24606299 0 2.8740157,0.2376786 0.063685789 2.8740157,
  0.2130968 0.1230315 2.8740157,0.17399281 0.17399281 2.8740157,
  0.1230315 0.2130968 2.8740157,0.063685789 0.2376786 2.8740157,
  0 0.24606299 2.8740157,-0.063685789 0.2376786 2.8740157,
  -0.1230315 0.2130968 2.8740157,-0.17399281 0.17399281 2.8740157,
  -0.2130968 0.1230315 2.8740157,-0.2376786 0.063685789 2.8740157,
  -0.24606299 0 2.8740157,-0.2376786 -0.063685789 2.8740157,
  -0.2130968 -0.1230315 2.8740157,-0.17399281 -0.17399281 2.8740157,
  -0.1230315 -0.2130968 2.8740157,-0.063685789 -0.2376786 2.8740157,
  0 -0.24606299 2.8740157,0.063685789 -0.2376786 2.8740157,
  0.1230315 -0.2130968 2.8740157,0.17399281 -0.17399281 2.8740157,
  0.2130968 -0.1230315 2.8740157,0.2376786 -0.063685789 2.8740157,
  0.4672585 0.12520154 2.6916385,0.4435143 0.1188393 2.7509843,
  0.41893251 0.2418708 2.6916385,0.40574275 0.10871844 2.8019456,
  0.39764405 0.2295799 2.7509843,0.3565179 0.095528683 2.8410496,
  0.34205696 0.34205696 2.6916385,0.363779 0.2100279 2.8019456,
  0.29919435 0.080168884 2.8656314,0.324675 0.324675 2.7509843,
  0.3196452 0.18454724 2.8410496,0.2418708 0.41893251 2.6916385,
  0.29702431 0.29702431 2.8019456,0.26825031 0.15487439 2.8656314,
  0.2295799 0.39764405 2.7509843,0.26098922 0.26098922 2.8410496,
  0.12520154 0.4672585 2.6916385,0.2100279 0.363779 2.8019456,
  0.21902546 0.21902546 2.8656314,0.1188393 0.4435143 2.7509843,
  0.18454724 0.3196452 2.8410496,0 0.48374159 2.6916385,
  0.10871844 0.40574275 2.8019456,0.15487439 0.26825031 2.8656314,
  0 0.45915979 2.7509843,0.095528683 0.3565179 2.8410496,
  -0.12520154 0.4672585 2.6916385,0 0.4200558 2.8019456,
  0.080168884 0.29919435 2.8656314,-0.1188393 0.4435143 2.7509843,
  0 0.36909449 2.8410496,-0.2418708 0.41893251 2.6916385,
  -0.10871844 0.40574275 2.8019456,0 0.30974878 2.8656314,
  -0.2295799 0.39764405 2.7509843,-0.095528683 0.3565179 2.8410496,
  -0.34205696 0.34205696 2.6916385,-0.2100279 0.363779 2.8019456,
  -0.080168884 0.29919435 2.8656314,-0.324675 0.324675 2.7509843,
  -0.18454724 0.3196452 2.8410496,-0.41893251 0.2418708 2.6916385,
  -0.29702431 0.29702431 2.8019456,-0.15487439 0.26825031 2.8656314,
  -0.39764405 0.2295799 2.7509843,-0.26098922 0.26098922 2.8410496,
  -0.4672585 0.12520154 2.6916385,-0.363779 0.2100279 2.8019456,
  -0.21902546 0.21902546 2.8656314,-0.4435143 0.1188393 2.7509843,
  -0.3196452 0.18454724 2.8410496,-0.48374159 0 2.6916385,
  -0.40574275 0.10871844 2.8019456,-0.26825031 0.15487439 2.8656314,
  -0.45915979 0 2.7509843,-0.3565179 0.095528683 2.8410496,
  -0.4672585 -0.12520154 2.6916385,-0.4200558 0 2.8019456,
  -0.29919435 0.080168884 2.8656314,-0.4435143 -0.1188393 2.7509843,
  -0.36909449 0 2.8410496,-0.41893251 -0.2418708 2.6916385,
  -0.40574275 -0.10871844 2.8019456,-0.30974878 0 2.8656314,
  -0.39764405 -0.2295799 2.7509843,-0.3565179 -0.095528683 2.8410496,
  -0.34205696 -0.34205696 2.6916385,-0.363779 -0.2100279 2.8019456,
  -0.29919435 -0.080168884 2.8656314,-0.324675 -0.324675 2.7509843,
  -0.3196452 -0.18454724 2.8410496,-0.2418708 -0.41893251 2.6916385,
  -0.29702431 -0.29702431 2.8019456,-0.26825031 -0.15487439 2.8656314,
  -0.2295799 -0.39764405 2.7509843,-0.26098922 -0.26098922 2.8410496,
  -0.12520154 -0.4672585 2.6916385,-0.2100279 -0.363779 2.8019456,
  -0.21902546 -0.21902546 2.8656314,-0.1188393 -0.4435143 2.7509843,
  -0.18454724 -0.3196452 2.8410496,0 -0.48374159 2.6916385,
  -0.10871844 -0.40574275 2.8019456,-0.15487439 -0.26825031 2.8656314,
  0 -0.45915979 2.7509843,-0.095528683 -0.3565179 2.8410496,
  0.12520154 -0.4672585 2.6916385,0 -0.4200558 2.8019456,
  -0.080168884 -0.29919435 2.8656314,0.1188393 -0.4435143 2.7509843,
  0 -0.36909449 2.8410496,0.2418708 -0.41893251 2.6916385,
  0.10871844 -0.40574275 2.8019456,0 -0.30974878 2.8656314,
  0.2295799 -0.39764405 2.7509843,0.095528683 -0.3565179 2.8410496,
  0.34205696 -0.34205696 2.6916385,0.2100279 -0.363779 2.8019456,
  0.080168884 -0.29919435 2.8656314,0.324675 -0.324675 2.7509843,
  0.18454724 -0.3196452 2.8410496,0.41893251 -0.2418708 2.6916385,
  0.29702431 -0.29702431 2.8019456,0.15487439 -0.26825031 2.8656314,
  0.39764405 -0.2295799 2.7509843,0.26098922 -0.26098922 2.8410496,
  0.4672585 -0.12520154 2.6916385,0.363779 -0.2100279 2.8019456,
  0.21902546 -0.21902546 2.8656314,0.4435143 -0.1188393 2.7509843,
  0.3196452 -0.18454724 2.8410496,0.40574275 -0.10871844 2.8019456,
  0.26825031 -0.15487439 2.8656314,0.3565179 -0.095528683 2.8410496,
  0.29919435 -0.080168884 2.8656314] }
 coordIndex [
  36,59,35,-1,60,1,0,-1,60,0,7,-1,61,2,1,-1,61,1,60,-1,62,7,8,-1,62,60,7,-1,63,3,2,-1,
  63,2,61,-1,64,61,60,-1,64,60,62,-1,65,4,3,-1,65,3,63,-1,66,8,9,-1,66,62,8,-1,67,61,64,-1,
  67,63,61,-1,68,5,4,-1,68,6,5,-1,68,4,65,-1,68,37,6,-1,69,64,62,-1,69,62,66,-1,70,65,63,-1,
  70,63,67,-1,71,9,10,-1,71,66,9,-1,72,67,64,-1,72,64,69,-1,73,38,37,-1,73,37,68,-1,73,68,65,-1,
  73,65,70,-1,74,66,71,-1,74,69,66,-1,75,70,67,-1,75,67,72,-1,76,10,11,-1,76,71,10,-1,77,72,69,-1,
  77,69,74,-1,78,38,73,-1,78,39,38,-1,78,73,70,-1,78,70,75,-1,79,74,71,-1,79,71,76,-1,80,75,72,-1,
  80,72,77,-1,81,11,12,-1,81,76,11,-1,82,77,74,-1,82,74,79,-1,83,78,75,-1,83,40,39,-1,83,75,80,-1,
  83,39,78,-1,84,76,81,-1,84,79,76,-1,85,80,77,-1,85,77,82,-1,86,12,13,-1,86,84,81,-1,86,81,12,-1,
  87,82,79,-1,87,79,84,-1,88,80,85,-1,88,41,40,-1,88,83,80,-1,88,40,83,-1,89,84,86,-1,90,85,82,-1,
  90,82,87,-1,91,13,14,-1,91,14,15,-1,91,86,13,-1,92,84,89,-1,92,90,87,-1,92,87,84,-1,93,85,90,-1,
  93,42,41,-1,93,43,42,-1,93,88,85,-1,93,41,88,-1,94,89,86,-1,94,86,91,-1,95,90,92,-1,96,91,15,-1,
  97,92,89,-1,97,89,94,-1,98,43,93,-1,98,93,90,-1,98,90,95,-1,99,91,96,-1,99,94,91,-1,100,92,97,-1,
  100,95,92,-1,101,15,16,-1,101,96,15,-1,102,97,94,-1,102,94,99,-1,103,95,100,-1,103,43,98,-1,103,98,95,-1,
  103,44,43,-1,104,96,101,-1,104,99,96,-1,105,97,102,-1,105,100,97,-1,106,16,17,-1,106,101,16,-1,107,99,104,-1,
  107,102,99,-1,108,103,100,-1,108,100,105,-1,108,45,44,-1,108,44,103,-1,109,101,106,-1,109,104,101,-1,110,105,102,-1,
  110,102,107,-1,111,17,18,-1,111,18,19,-1,111,106,17,-1,112,104,109,-1,112,107,104,-1,113,108,105,-1,113,45,108,-1,
  113,46,45,-1,113,105,110,-1,114,106,111,-1,114,109,106,-1,115,110,107,-1,115,107,112,-1,115,113,110,-1,116,19,20,-1,
  116,111,19,-1,117,112,109,-1,117,109,114,-1,118,47,46,-1,118,46,113,-1,118,113,115,-1,119,114,111,-1,119,117,114,-1,
  119,111,116,-1,120,115,112,-1,120,112,117,-1,121,20,21,-1,121,116,20,-1,122,117,119,-1,123,48,47,-1,123,47,118,-1,
  123,115,120,-1,123,118,115,-1,124,116,121,-1,124,119,116,-1,125,117,122,-1,125,120,117,-1,126,121,21,-1,126,124,121,-1,
  127,119,124,-1,127,122,119,-1,128,120,125,-1,128,123,120,-1,128,49,48,-1,128,48,123,-1,129,124,126,-1,130,125,122,-1,
  130,122,127,-1,131,21,22,-1,131,126,21,-1,132,124,129,-1,132,127,124,-1,133,128,125,-1,133,49,128,-1,133,50,49,-1,
  133,125,130,-1,134,129,126,-1,134,126,131,-1,135,133,130,-1,135,130,127,-1,135,127,132,-1,136,22,23,-1,136,23,24,-1,
  136,131,22,-1,137,132,129,-1,137,129,134,-1,138,133,135,-1,138,50,133,-1,138,51,50,-1,139,134,131,-1,139,131,136,-1,
  140,132,137,-1,140,135,132,-1,141,136,24,-1,142,137,134,-1,142,134,139,-1,143,135,140,-1,143,138,135,-1,143,51,138,-1,
  143,52,51,-1,144,139,136,-1,144,136,141,-1,145,140,137,-1,145,143,140,-1,145,137,142,-1,146,24,25,-1,146,25,26,-1,
  146,141,24,-1,147,142,139,-1,147,139,144,-1,148,143,145,-1,148,53,52,-1,148,54,53,-1,148,52,143,-1,149,141,146,-1,
  149,144,141,-1,150,145,142,-1,150,148,145,-1,150,142,147,-1,151,26,27,-1,151,146,26,-1,152,147,144,-1,152,144,149,-1,
  153,54,148,-1,153,148,150,-1,154,149,146,-1,154,146,151,-1,154,152,149,-1,155,150,147,-1,155,147,152,-1,156,151,27,-1,
  157,152,154,-1,158,55,54,-1,158,56,55,-1,158,150,155,-1,158,54,153,-1,158,153,150,-1,159,151,156,-1,159,154,151,-1,
  160,155,152,-1,160,158,155,-1,160,152,157,-1,161,27,28,-1,161,28,29,-1,161,156,27,-1,162,154,159,-1,162,157,154,-1,
  163,158,160,-1,163,56,158,-1,164,156,161,-1,164,159,156,-1,165,163,160,-1,165,160,157,-1,165,157,162,-1,166,29,30,-1,
  166,30,31,-1,166,161,29,-1,167,162,159,-1,167,159,164,-1,168,56,163,-1,168,163,165,-1,168,57,56,-1,169,164,161,-1,
  169,161,166,-1,169,167,164,-1,169,31,32,-1,169,166,31,-1,170,162,167,-1,170,165,162,-1,171,32,33,-1,171,167,169,-1,
  171,169,32,-1,172,168,165,-1,172,165,170,-1,172,57,168,-1,172,58,57,-1,173,33,34,-1,173,167,171,-1,173,171,33,-1,
  173,170,167,-1,174,34,35,-1,174,172,170,-1,174,173,34,-1,174,58,172,-1,174,59,58,-1,174,170,173,-1,174,35,59,-1]
  normalPerVertex TRUE
  normal DEF NORM_10 Normal { vector [
  0.9831056 0.12942831 0.12942831,0.94666413 0.1246307 0.29714344,
  0.83947055 0.11051839 0.53204783,0.67545758 0.088925678 0.73201727,
  0.46507283 0.061228 0.88315253,0.25866892 0.03405441 0.96536557,
  0.13050692 0.017181563 0.99129851,0.94565561 0.29787555 0.13040562,
  0.83633731 0.53247937 0.13040562,0.67002401 0.7307956 0.13040562,
  0.45804967 0.87930931 0.13040562,0.21486001 0.96789955 0.13040562,
  -0.042972003 0.99052904 0.13040562,-0.29787555 0.94565561 0.13040562,
  -0.49572243 0.85861644 0.13052619,-0.70105738 0.70105738 0.13052619,
  -0.87930931 0.45804967 0.13040562,-0.96789955 0.21486001 0.13040562,
  -0.99144486 0 0.13052619,-0.96789955 -0.21486001 0.13040562,
  -0.87930931 -0.45804967 0.13040562,-0.70105738 -0.70105738 0.13052619,
  -0.45804967 -0.87930931 0.13040562,-0.25660481 -0.9576622 0.13052619,
  0 -0.99144486 0.13052619,0.25660481 -0.9576622 0.13052619,
  0.45804967 -0.87930931 0.13040562,0.70105738 -0.70105738 0.13052619,
  0.85861644 -0.49572243 0.13052619,0.94565561 -0.29787555 0.13040562,
  0.9831056 -0.12942831 0.12942831,0.94666413 -0.1246307 0.29714344,
  0.83947055 -0.11051839 0.53204783,0.67545758 -0.088925678 0.73201727,
  0.46507283 -0.061228 0.88315253,0.22241673 -0.029281718 0.97451187,
  0.13050692 -0.017181563 0.99129851,0.12435787 0.040193485 0.99142302,
  0.10971764 0.07101011 0.99142302,0.087600331 0.096987514 0.99142302,
  0.059513207 0.11635538 0.99142302,0.027370355 0.12779382 0.99142302,
  0 0.13052619 0.99144486,-0.033782664 0.12607862 0.99144486,
  -0.07101011 0.10971764 0.99142302,-0.096987514 0.087600331 0.99142302,
  -0.11635538 0.059513207 0.99142302,-0.12779382 0.027370355 0.99142302,
  -0.13052332 -0.0066377404 0.99142302,-0.12435787 -0.040193485 0.99142302,
  -0.10971764 -0.07101011 0.99142302,-0.087600331 -0.096987514 0.99142302,
  -0.059513207 -0.11635538 0.99142302,-0.033782664 -0.12607862 0.99144486,
  0 -0.13052619 0.99144486,0.033782664 -0.12607862 0.99144486,
  0.065263096 -0.113039 0.99144486,0.096987514 -0.087600331 0.99142302,
  0.11635538 -0.059513207 0.99142302,0.12779382 -0.027370355 0.99142302,
  0.93414216 0.24726826 0.25736518,0.83940278 0.21921539 0.49734052,
  0.8383143 0.48061658 0.25736518,0.6881272 0.17673368 0.70373729,
  0.7540637 0.42899923 0.49734052,0.49057891 0.12290279 0.86268606,
  0.68535671 0.68121167 0.25736518,0.61893779 0.34881205 0.70373729,
  0.26133389 0.057171924 0.96355382,0.61733643 0.60954749 0.49734052,
  0.44205326 0.24568614 0.86268606,0.4856932 0.83538332 0.25736518,
  0.50756879 0.49711946 0.70373729,0.23763197 0.12286203 0.96355382,
  0.43853871 0.74855609 0.49734052,0.3634024 0.35172639 0.86268606,
  0.25293049 0.93262497 0.25736518,0.36160982 0.61154899 0.70373729,
  0.19773582 0.18017928 0.96355382,0.22985529 0.83655183 0.49734052,
  0.25998628 0.43379707 0.86268606,0.026675333 0.97214234 0.23286842,
  0.19100774 0.68430247 0.70373729,0.14436431 0.22521762 0.96355382,
  -0.013720369 0.87690031 0.48047644,0.13885252 0.48630519 0.86268606,
  -0.23009418 0.93352584 0.2749294,0.02259531 0.72661087 0.68667757,
  0.081154606 0.25490775 0.96355382,-0.23979565 0.81920244 0.52096585,
  -0.0059912085 0.52283081 0.85241542,-0.49987667 0.83247603 0.23897066,
  -0.16440265 0.678493 0.71597418,0.0089298393 0.25135208 0.96785453,
  -0.42899923 0.7540637 0.49734052,-0.13276451 0.46144535 0.8771783,
  -0.69461534 0.66136094 0.28303929,-0.34881205 0.61893779 0.70373729,
  -0.06324243 0.2810645 0.95760281,-0.60954749 0.61733643 0.49734052,
  -0.24568614 0.44205326 0.86268606,-0.83538332 0.4856932 0.25736518,
  -0.49711946 0.50756879 0.70373729,-0.12286203 0.23763197 0.96355382,
  -0.74855609 0.43853871 0.49734052,-0.35172639 0.3634024 0.86268606,
  -0.93262497 0.25293049 0.25736518,-0.61154899 0.36160982 0.70373729,
  -0.18017928 0.19773582 0.96355382,-0.83655183 0.22985529 0.49734052,
  -0.44566985 0.27797055 0.85094698,-0.97088372 -0.016667875 0.23897066,
  -0.68430247 0.19100774 0.70373729,-0.24745687 0.14508341 0.9579749,
  -0.8791301 0.02555787 0.47589606,-0.47067118 0.14008636 0.87111678,
  -0.92171521 -0.29037926 0.25713997,-0.72408405 -0.010050406 0.68963852,
  -0.22884874 0.06429227 0.97133658,-0.83396786 -0.20402683 0.51270915,
  -0.50567242 0.0082561864 0.86268606,-0.82856229 -0.50917269 0.23286842,
  -0.66279281 -0.1926617 0.72359323,-0.26722634 0.01241435 0.96355382,
  -0.75255776 -0.45033234 0.48047644,-0.49057891 -0.12290279 0.86268606,
  -0.67465276 -0.67465276 0.29947841,-0.61893779 -0.34881205 0.70373729,
  -0.26133389 -0.057171924 0.96355382,-0.5895523 -0.61727034 0.52096585,
  -0.46356448 -0.24697613 0.85094698,-0.4856932 -0.83538332 0.25736518,
  -0.50756879 -0.49711946 0.70373729,-0.24937436 -0.14176223 0.9579749,
  -0.43853871 -0.74855609 0.49734052,-0.35665394 -0.33757002 0.87111678,
  -0.23518327 -0.94211563 0.23897066,-0.36160982 -0.61154899 0.70373729,
  -0.17010311 -0.16604269 0.97133658,-0.22985529 -0.83655183 0.49734052,
  -0.27797055 -0.44566985 0.85094698,0.023514417 -0.95882002 0.28303929,
  -0.19100774 -0.68430247 0.70373729,-0.14508341 -0.24745687 0.9579749,
  -0.005507618 -0.86753794 0.49734052,-0.15260119 -0.48250632 0.86249668,
  0.26738313 -0.9334877 0.23897066,-0.0073887986 -0.71042187 0.70373729,
  -0.056429143 -0.24509868 0.96785453,0.20284861 -0.85578933 0.47589606,
  -0.013494372 -0.49089047 0.87111678,0.51904227 -0.81515284 0.25713997,
  0.19711469 -0.69681024 0.68963852,0 -0.25881905 0.96592583,
  0.41292154 -0.75274506 0.51270915,0.11858131 -0.51169103 0.85094698,
  0.69461534 -0.66136094 0.28303929,0.35764032 -0.59034417 0.72359323,
  0.070260995 -0.2622176 0.96244757,0.60954749 -0.61733643 0.49734052,
  0.23327816 -0.44908883 0.86249668,0.84914391 -0.47100706 0.23897066,
  0.49711946 -0.50756879 0.70373729,0.15402346 -0.24346177 0.95760281,
  0.74857007 -0.46169881 0.47589606,0.33757002 -0.35665394 0.87111678,
  0.94592148 -0.22584256 0.23286842,0.63210038 -0.35333812 0.68963852,
  0.16604269 -0.17010311 0.97133658,0.84346956 -0.24021136 0.48047644,
  0.43379707 -0.25998628 0.86268606,0.70770031 -0.16623534 0.68667757,
  0.22521762 -0.14436431 0.96355382,0.5223081 -0.13995203 0.8411942,
  0.27657533 -0.076093262 0.9579749] }
}
}
DEF SHAPE_11 Shape {
 appearance USE APP_1
 geometry DEF FACE_11 IndexedFaceSet {
  coord DEF COORD_11 Coordinate { point [
  0.24606299 0 2.8740157,0.2376786 0.063685789 2.8740157,
  0.2130968 0.1230315 2.8740157,0.17399281 0.17399281 2.8740157,
  0.1230315 0.2130968 2.8740157,0.063685789 0.2376786 2.8740157,
  0 0.24606299 2.8740157,-0.063685789 0.2376786 2.8740157,
  -0.1230315 0.2130968 2.8740157,-0.17399281 0.17399281 2.8740157,
  -0.2130968 0.1230315 2.8740157,-0.2376786 0.063685789 2.8740157,
  -0.24606299 0 2.8740157,-0.2376786 -0.063685789 2.8740157,
  -0.2130968 -0.1230315 2.8740157,-0.17399281 -0.17399281 2.8740157,
  -0.1230315 -0.2130968 2.8740157,-0.063685789 -0.2376786 2.8740157,
  0 -0.24606299 2.8740157,0.063685789 -0.2376786 2.8740157,
  0.1230315 -0.2130968 2.8740157,0.17399281 -0.17399281 2.8740157,
  0.2130968 -0.1230315 2.8740157,0.2376786 -0.063685789 2.8740157,
  0.11811024 0 2.8740157,0.11408573 0.030569179 2.8740157,
  0.10228647 0.059055118 2.8740157,0.083516549 0.083516549 2.8740157,
  0.059055118 0.10228647 2.8740157,0.030569179 0.11408573 2.8740157,
  0 0.11811024 2.8740157,-0.030569179 0.11408573 2.8740157,
  -0.059055118 0.10228647 2.8740157,-0.083516549 0.083516549 2.8740157,
  -0.10228647 0.059055118 2.8740157,-0.11408573 0.030569179 2.8740157,
  -0.11811024 0 2.8740157,-0.11408573 -0.030569179 2.8740157,
  -0.10228647 -0.059055118 2.8740157,-0.083516549 -0.083516549 2.8740157,
  -0.059055118 -0.10228647 2.8740157,-0.030569179 -0.11408573 2.8740157,
  0 -0.11811024 2.8740157,0.030569179 -0.11408573 2.8740157,
  0.059055118 -0.10228647 2.8740157,0.083516549 -0.083516549 2.8740157,
  0.10228647 -0.059055118 2.8740157,0.11408573 -0.030569179 2.8740157] }
 coordIndex [
  44,20,21,-1,44,21,45,-1,46,21,22,-1,46,45,21,-1,47,22,23,-1,47,46,22,-1,43,19,20,-1,43,20,44,-1,
  24,23,0,-1,24,47,23,-1,42,18,19,-1,42,19,43,-1,41,17,18,-1,41,18,42,-1,25,0,1,-1,25,24,0,-1,
  40,16,17,-1,40,17,41,-1,26,1,2,-1,26,25,1,-1,39,15,16,-1,39,16,40,-1,27,2,3,-1,27,26,2,-1,
  14,38,37,-1,14,39,38,-1,14,15,39,-1,4,28,27,-1,4,27,3,-1,13,14,37,-1,5,28,4,-1,5,29,28,-1,
  12,13,37,-1,12,37,36,-1,6,29,5,-1,6,30,29,-1,6,31,30,-1,7,31,6,-1,11,12,36,-1,11,36,35,-1,
  8,32,31,-1,8,31,7,-1,10,35,34,-1,10,11,35,-1,9,32,8,-1,9,33,32,-1,9,34,33,-1,9,10,34,-1]
  normalPerVertex TRUE
  normal DEF NORM_11 Normal { vector [
  0 0 1,0 0 1,
  0 0 1,0 0 1,
  0 0 1,0 0 1,
  0 0 1,0 0 1,
  0 0 1,0 0 1,
  0 0 1,0 0 1,
  0 0 1,0 0 1,
  0 0 1,0 0 1,
  0 0 1,0 0 1,
  0 0 1,0 0 1,
  0 0 1,0 0 1,
  0 0 1,0 0 1,
  0 0 1,0 0 1,
  0 0 1,0 0 1,
  0 0 1,0 0 1,
  0 0 1,0 0 1,
  0 0 1,0 0 1,
  0 0 1,0 0 1,
  0 0 1,0 0 1,
  0 0 1,0 0 1,
  0 0 1,0 0 1,
  0 0 1,0 0 1,
  0 0 1,0 0 1,
  0 0 1,0 0 1] }
}
}
DEF SHAPE_12 Shape {
 appearance USE APP_2
 geometry DEF FACE_12 IndexedFaceSet {
  coord DEF COORD_12 Coordinate { point [
  0.11811024 0 2.8740157,0.11408573 0.030569179 2.8740157,
  0.10228647 0.059055118 2.8740157,0.083516549 0.083516549 2.8740157,
  0.059055118 0.10228647 2.8740157,0.030569179 0.11408573 2.8740157,
  0 0.11811024 2.8740157,-0.030569179 0.11408573 2.8740157,
  -0.059055118 0.10228647 2.8740157,-0.083516549 0.083516549 2.8740157,
  -0.10228647 0.059055118 2.8740157,-0.11408573 0.030569179 2.8740157,
  -0.11811024 0 2.8740157,-0.11408573 -0.030569179 2.8740157,
  -0.10228647 -0.059055118 2.8740157,-0.083516549 -0.083516549 2.8740157,
  -0.059055118 -0.10228647 2.8740157,-0.030569179 -0.11408573 2.8740157,
  0 -0.11811024 2.8740157,0.030569179 -0.11408573 2.8740157,
  0.059055118 -0.10228647 2.8740157,0.083516549 -0.083516549 2.8740157,
  0.10228647 -0.059055118 2.8740157,0.11408573 -0.030569179 2.8740157,
  0.11811024 0 2.8740157,0.11811024 0 3.2677165,
  0.11811024 0 3.2677165,0.11408573 0.030569179 3.2677165,
  0.10228647 0.059055118 3.2677165,0.083516549 0.083516549 3.2677165,
  0.059055118 0.10228647 3.2677165,0.030569179 0.11408573 3.2677165,
  0 0.11811024 3.2677165,-0.030569179 0.11408573 3.2677165,
  -0.059055118 0.10228647 3.2677165,-0.083516549 0.083516549 3.2677165,
  -0.10228647 0.059055118 3.2677165,-0.11408573 0.030569179 3.2677165,
  -0.11811024 0 3.2677165,-0.11408573 -0.030569179 3.2677165,
  -0.10228647 -0.059055118 3.2677165,-0.083516549 -0.083516549 3.2677165,
  -0.059055118 -0.10228647 3.2677165,-0.030569179 -0.11408573 3.2677165,
  0 -0.11811024 3.2677165,0.030569179 -0.11408573 3.2677165,
  0.059055118 -0.10228647 3.2677165,0.083516549 -0.083516549 3.2677165,
  0.10228647 -0.059055118 3.2677165,0.11408573 -0.030569179 3.2677165] }
 coordIndex [
  27,0,1,-1,27,26,0,-1,28,1,2,-1,28,27,1,-1,29,2,3,-1,29,28,2,-1,30,3,4,-1,30,29,3,-1,
  31,4,5,-1,31,30,4,-1,32,5,6,-1,32,31,5,-1,33,6,7,-1,33,32,6,-1,34,7,8,-1,34,33,7,-1,
  35,8,9,-1,35,34,8,-1,36,9,10,-1,36,35,9,-1,37,10,11,-1,37,36,10,-1,38,37,11,-1,38,11,12,-1,
  38,12,13,-1,39,38,13,-1,40,39,13,-1,40,13,14,-1,41,14,15,-1,41,40,14,-1,42,41,15,-1,42,15,16,-1,
  43,16,17,-1,43,42,16,-1,44,17,18,-1,44,43,17,-1,45,18,19,-1,45,44,18,-1,46,19,20,-1,46,45,19,-1,
  47,20,21,-1,47,46,20,-1,48,21,22,-1,48,47,21,-1,49,22,23,-1,49,23,24,-1,49,48,22,-1,25,49,24,-1]
  normalPerVertex TRUE
  normal DEF NORM_12 Normal { vector [
  0.99144486 0.13052619 0,0.95364993 0.30091828 0,
  0.84327172 0.5374875 0,0.67542593 0.73742784 0,
  0.46155098 0.88711369 0,0.21622209 0.9763442 0,
  -0.04384197 0.99903848 0,-0.30091828 0.95364993 0,
  -0.5374875 0.84327172 0,-0.73742784 0.67542593 0,
  -0.88711369 0.46155098 0,-0.9763442 0.21622209 0,
  -1 0 0,-0.96592583 -0.25881905 0,
  -0.84327172 -0.5374875 0,-0.67542593 -0.73742784 0,
  -0.46155098 -0.88711369 0,-0.21622209 -0.9763442 0,
  0.04384197 -0.99903848 0,0.30091828 -0.95364993 0,
  0.5374875 -0.84327172 0,0.73742784 -0.67542593 0,
  0.88711369 -0.46155098 0,0.96592583 -0.25881905 0,
  0.99144486 -0.13052619 0,0.99144486 -0.13052619 0,
  0.99144486 0.13052619 0,0.9763442 0.21622209 0,
  0.88711369 0.46155098 0,0.73742784 0.67542593 0,
  0.5374875 0.84327172 0,0.30091828 0.95364993 0,
  0.04384197 0.99903848 0,-0.21622209 0.9763442 0,
  -0.46155098 0.88711369 0,-0.67542593 0.73742784 0,
  -0.84327172 0.5374875 0,-0.95364993 0.30091828 0,
  -1 0 0,-0.96592583 -0.25881905 0,
  -0.88711369 -0.46155098 0,-0.73742784 -0.67542593 0,
  -0.5374875 -0.84327172 0,-0.30091828 -0.95364993 0,
  -0.04384197 -0.99903848 0,0.21622209 -0.9763442 0,
  0.46155098 -0.88711369 0,0.67542593 -0.73742784 0,
  0.84327172 -0.5374875 0,0.96592583 -0.25881905 0] }
}
}
DEF SHAPE_13 Shape {
 appearance USE APP_2
 geometry DEF FACE_13 IndexedFaceSet {
  coord DEF COORD_13 Coordinate { point [
  0.11811024 0 3.2677165,0.12403278 0 3.3202805,
  0.14150342 0 3.3702088,0.16964611 0 3.4149976,
  0.20704965 0 3.4524011,0.25183849 0 3.4805438,
  0.30176671 0 3.4980145,0.35433071 0 3.503937,
  0.35433071 -0.030569179 3.5079615,0.35433071 -0.059055118 3.5197608,
  0.35433071 -0.083516549 3.5385307,0.35433071 -0.10228647 3.5629921,
  0.35433071 -0.11408573 3.5914781,0.35433071 -0.11811024 3.6220472,
  0.35433071 -0.11408573 3.6526164,0.35433071 -0.10228647 3.6811024,
  0.35433071 -0.083516549 3.7055638,0.35433071 -0.059055118 3.7243337,
  0.35433071 -0.030569179 3.736133,0.35433071 0 3.7401575,
  0.35433071 0.030569179 3.736133,0.35433071 0.059055118 3.7243337,
  0.35433071 0.083516549 3.7055638,0.35433071 0.10228647 3.6811024,
  0.35433071 0.11408573 3.6526164,0.35433071 0.11811024 3.6220472,
  0.35433071 0.11408573 3.5914781,0.35433071 0.10228647 3.5629921,
  0.35433071 0.083516549 3.5385307,0.35433071 0.059055118 3.5197608,
  0.35433071 0.030569179 3.5079615,0.35433071 0 3.503937,
  0.11811024 0 3.2677165,0.12403278 0 3.3202805,
  0.14150342 0 3.3702088,0.16964611 0 3.4149976,
  0.20704965 0 3.4524011,0.25183849 0 3.4805438,
  0.30176671 0 3.4980145,0.11408573 0.030569179 3.2677165,
  0.10228647 0.059055118 3.2677165,0.083516549 0.083516549 3.2677165,
  0.059055118 0.10228647 3.2677165,0.030569179 0.11408573 3.2677165,
  0 0.11811024 3.2677165,-0.030569179 0.11408573 3.2677165,
  -0.059055118 0.10228647 3.2677165,-0.083516549 0.083516549 3.2677165,
  -0.10228647 0.059055118 3.2677165,-0.11408573 0.030569179 3.2677165,
  -0.11811024 0 3.2677165,-0.11408573 -0.030569179 3.2677165,
  -0.10228647 -0.059055118 3.2677165,-0.083516549 -0.083516549 3.2677165,
  -0.059055118 -0.10228647 3.2677165,-0.030569179 -0.11408573 3.2677165,
  0 -0.11811024 3.2677165,0.030569179 -0.11408573 3.2677165,
  0.059055118 -0.10228647 3.2677165,0.083516549 -0.083516549 3.2677165,
  0.10228647 -0.059055118 3.2677165,0.11408573 -0.030569179 3.2677165,
  0.12010917 -0.030569179 3.3211761,0.10860574 -0.059055118 3.3238017,
  0.090306425 -0.083516549 3.3279784,0.13787746 -0.030569179 3.3719549,
  0.066458294 -0.10228647 3.3334215,0.12724669 -0.059055118 3.3770744,
  0.038686556 -0.11408573 3.3397603,0.11033558 -0.083516549 3.3852184,
  0.16649962 -0.030569179 3.4175068,0.0088838106 -0.11811024 3.3465625,
  0.088296594 -0.10228647 3.3958318,0.15727458 -0.059055118 3.4248636,
  -0.020918935 -0.11408573 3.3533648,0.062631649 -0.11408573 3.4081914,
  0.14259967 -0.083516549 3.4365664,0.20454041 -0.030569179 3.4555476,
  -0.048690672 -0.10228647 3.3597035,0.035089771 -0.11811024 3.4214549,
  0.12347496 -0.10228647 3.4518179,0.19718369 -0.059055118 3.4647727,
  -0.072538804 -0.083516549 3.3651467,0.007547893 -0.11408573 3.4347183,
  0.10120375 -0.11408573 3.4695785,0.18548084 -0.083516549 3.4794476,
  -0.090838119 -0.059055118 3.3693234,0.25009232 -0.030569179 3.4841698,
  -0.018117052 -0.10228647 3.4470779,0.077303805 -0.11811024 3.4886381,
  0.17022939 -0.10228647 3.4985723,-0.10234155 -0.030569179 3.371949,
  0.24497281 -0.059055118 3.4948006,-0.040156039 -0.083516549 3.4576913,
  0.053403859 -0.11408573 3.5076977,0.1524687 -0.11408573 3.5208435,
  -0.10626516 0 3.3728445,0.23682885 -0.083516549 3.5117117,
  -0.057067149 -0.059055118 3.4658353,0.30087117 -0.030569179 3.5019381,
  0.031132655 -0.10228647 3.5254584,0.13340913 -0.11811024 3.5447434,
  -0.10234155 0.030569179 3.371949,0.22621543 -0.10228647 3.5337506,
  -0.067697918 -0.030569179 3.4709548,0.29824559 -0.059055118 3.5134415,
  0.012007938 -0.083516549 3.5407098,0.11434955 -0.11408573 3.5686434,
  -0.090838119 0.059055118 3.3693234,0.21385585 -0.11408573 3.5594156,
  -0.071323875 0 3.472701,0.29406889 -0.083516549 3.5317408,
  -0.0026669732 -0.059055118 3.5524127,0.096588861 -0.10228647 3.5909146,
  -0.072538804 0.083516549 3.3651467,0.20059238 -0.11811024 3.5869575,
  -0.067697918 0.030569179 3.4709548,0.28862571 -0.10228647 3.555589,
  -0.011892008 -0.030569179 3.5597694,0.081337409 -0.083516549 3.6100393,
  -0.048690672 0.10228647 3.3597035,0.18732891 -0.11408573 3.6144994,
  -0.057067149 0.059055118 3.4658353,0.28228699 -0.11408573 3.5833607,
  -0.015038496 0 3.5622786,0.069634558 -0.059055118 3.6247142,
  -0.020918935 0.11408573 3.3533648,0.17496932 -0.10228647 3.6401643,
  -0.040156039 0.083516549 3.4576913,0.27548471 -0.11811024 3.6131634,
  -0.011892008 0.030569179 3.5597694,0.062277838 -0.030569179 3.6339393,
  0.0088838106 0.11811024 3.3465625,0.1643559 -0.083516549 3.6622033,
  -0.018117052 0.10228647 3.4470779,0.26868243 -0.11408573 3.6429662,
  -0.0026669732 0.059055118 3.5524127,0.059768598 0 3.6370857,
  0.038686556 0.11408573 3.3397603,0.15621194 -0.059055118 3.6791144,
  0.007547893 0.11408573 3.4347183,0.26234371 -0.10228647 3.6707379,
  0.012007938 0.083516549 3.5407098,0.062277838 0.030569179 3.6339393,
  0.066458294 0.10228647 3.3334215,0.15109243 -0.030569179 3.6897452,
  0.035089771 0.11811024 3.4214549,0.25690053 -0.083516549 3.694586,
  0.031132655 0.10228647 3.5254584,0.069634558 0.059055118 3.6247142,
  0.090306425 0.083516549 3.3279784,0.14934626 0 3.6933711,
  0.062631649 0.11408573 3.4081914,0.25272383 -0.059055118 3.7128854,
  0.053403859 0.11408573 3.5076977,0.081337409 0.083516549 3.6100393,
  0.10860574 0.059055118 3.3238017,0.15109243 0.030569179 3.6897452,
  0.088296594 0.10228647 3.3958318,0.25009825 -0.030569179 3.7243888,
  0.077303805 0.11811024 3.4886381,0.096588861 0.10228647 3.5909146,
  0.12010917 0.030569179 3.3211761,0.15621194 0.059055118 3.6791144,
  0.11033558 0.083516549 3.3852184,0.24920271 0 3.7283124,
  0.10120375 0.11408573 3.4695785,0.11434955 0.11408573 3.5686434,
  0.1643559 0.083516549 3.6622033,0.12724669 0.059055118 3.3770744,
  0.25009825 0.030569179 3.7243888,0.12347496 0.10228647 3.4518179,
  0.13340913 0.11811024 3.5447434,0.17496932 0.10228647 3.6401643,
  0.13787746 0.030569179 3.3719549,0.25272383 0.059055118 3.7128854,
  0.14259967 0.083516549 3.4365664,0.1524687 0.11408573 3.5208435,
  0.18732891 0.11408573 3.6144994,0.25690053 0.083516549 3.694586,
  0.15727458 0.059055118 3.4248636,0.17022939 0.10228647 3.4985723,
  0.20059238 0.11811024 3.5869575,0.26234371 0.10228647 3.6707379,
  0.16649962 0.030569179 3.4175068,0.18548084 0.083516549 3.4794476,
  0.21385585 0.11408573 3.5594156,0.26868243 0.11408573 3.6429662,
  0.19718369 0.059055118 3.4647727,0.22621543 0.10228647 3.5337506,
  0.27548471 0.11811024 3.6131634,0.20454041 0.030569179 3.4555476,
  0.23682885 0.083516549 3.5117117,0.28228699 0.11408573 3.5833607,
  0.24497281 0.059055118 3.4948006,0.28862571 0.10228647 3.555589,
  0.25009232 0.030569179 3.4841698,0.29406889 0.083516549 3.5317408,
  0.29824559 0.059055118 3.5134415,0.30087117 0.030569179 3.5019381] }
 coordIndex [
  8,6,7,-1,31,38,30,-1,62,0,1,-1,62,61,0,-1,63,60,61,-1,63,61,62,-1,64,60,63,-1,64,59,60,-1,
  65,1,2,-1,65,62,1,-1,66,58,59,-1,66,59,64,-1,67,62,65,-1,67,63,62,-1,68,57,58,-1,68,58,66,-1,
  69,64,63,-1,69,63,67,-1,70,2,3,-1,70,65,2,-1,71,57,68,-1,71,56,57,-1,72,66,64,-1,72,64,69,-1,
  73,67,65,-1,73,65,70,-1,74,56,71,-1,74,55,56,-1,75,66,72,-1,75,68,66,-1,76,67,73,-1,76,69,67,-1,
  77,3,4,-1,77,70,3,-1,78,55,74,-1,78,54,55,-1,79,71,68,-1,79,68,75,-1,80,69,76,-1,80,72,69,-1,
  81,70,77,-1,81,73,70,-1,82,53,54,-1,82,54,78,-1,83,74,71,-1,83,71,79,-1,84,75,72,-1,84,72,80,-1,
  85,76,73,-1,85,73,81,-1,86,52,53,-1,86,53,82,-1,87,4,5,-1,87,77,4,-1,88,74,83,-1,88,78,74,-1,
  89,79,75,-1,89,75,84,-1,90,80,76,-1,90,76,85,-1,91,52,86,-1,91,51,52,-1,92,81,77,-1,92,77,87,-1,
  93,78,88,-1,93,82,78,-1,94,83,79,-1,94,79,89,-1,95,80,90,-1,95,84,80,-1,96,51,91,-1,96,50,51,-1,
  97,81,92,-1,97,85,81,-1,98,82,93,-1,98,86,82,-1,99,87,5,-1,99,5,6,-1,99,6,8,-1,100,83,94,-1,
  100,88,83,-1,101,89,84,-1,101,84,95,-1,102,50,96,-1,102,49,50,-1,103,90,85,-1,103,85,97,-1,104,86,98,-1,
  104,91,86,-1,105,8,9,-1,105,92,87,-1,105,87,99,-1,105,99,8,-1,106,88,100,-1,106,93,88,-1,107,94,89,-1,
  107,89,101,-1,108,49,102,-1,108,48,49,-1,109,95,90,-1,109,90,103,-1,110,96,91,-1,110,91,104,-1,111,9,10,-1,
  111,105,9,-1,111,92,105,-1,111,97,92,-1,112,98,93,-1,112,93,106,-1,113,100,94,-1,113,94,107,-1,114,47,48,-1,
  114,48,108,-1,115,101,95,-1,115,95,109,-1,116,102,96,-1,116,96,110,-1,117,10,11,-1,117,103,97,-1,117,97,111,-1,
  117,111,10,-1,118,98,112,-1,118,104,98,-1,119,106,100,-1,119,100,113,-1,120,46,47,-1,120,47,114,-1,121,101,115,-1,
  121,107,101,-1,122,108,102,-1,122,102,116,-1,123,11,12,-1,123,115,109,-1,123,109,103,-1,123,117,11,-1,123,103,117,-1,
  124,110,104,-1,124,104,118,-1,125,106,119,-1,125,112,106,-1,126,45,46,-1,126,46,120,-1,127,113,107,-1,127,107,121,-1,
  128,108,122,-1,128,114,108,-1,129,12,13,-1,129,115,123,-1,129,123,12,-1,130,116,110,-1,130,110,124,-1,131,112,125,-1,
  131,118,112,-1,132,44,45,-1,132,45,126,-1,133,113,127,-1,133,119,113,-1,134,114,128,-1,134,120,114,-1,135,13,14,-1,
  135,129,13,-1,135,115,129,-1,135,121,115,-1,136,122,116,-1,136,116,130,-1,137,118,131,-1,137,124,118,-1,138,44,132,-1,
  138,43,44,-1,139,119,133,-1,139,125,119,-1,140,126,120,-1,140,120,134,-1,141,14,15,-1,141,135,14,-1,141,121,135,-1,
  141,127,121,-1,142,128,122,-1,142,122,136,-1,143,130,124,-1,143,124,137,-1,144,42,43,-1,144,43,138,-1,145,131,125,-1,
  145,125,139,-1,146,132,126,-1,146,126,140,-1,146,138,132,-1,147,15,16,-1,147,133,127,-1,147,141,15,-1,147,127,141,-1,
  148,140,134,-1,148,128,142,-1,148,134,128,-1,149,130,143,-1,149,136,130,-1,150,41,42,-1,150,42,144,-1,151,137,131,-1,
  151,131,145,-1,151,143,137,-1,152,138,146,-1,153,133,147,-1,153,16,17,-1,153,147,16,-1,153,145,139,-1,153,139,133,-1,
  154,140,148,-1,155,142,136,-1,155,136,149,-1,156,40,41,-1,156,41,150,-1,157,143,151,-1,158,144,138,-1,158,138,152,-1,
  159,17,18,-1,159,153,17,-1,159,145,153,-1,160,146,140,-1,160,152,146,-1,160,140,154,-1,161,142,155,-1,161,148,142,-1,
  162,40,156,-1,162,33,32,-1,162,32,39,-1,162,39,40,-1,163,143,157,-1,163,149,143,-1,164,144,158,-1,164,150,144,-1,
  165,145,159,-1,165,18,19,-1,165,19,20,-1,165,151,145,-1,165,159,18,-1,166,152,160,-1,167,148,161,-1,167,154,148,-1,
  168,149,163,-1,168,155,149,-1,169,156,150,-1,169,150,164,-1,170,165,20,-1,170,151,165,-1,170,157,151,-1,171,158,152,-1,
  171,152,166,-1,172,160,154,-1,172,166,160,-1,172,154,167,-1,173,155,168,-1,173,161,155,-1,173,167,161,-1,174,162,156,-1,
  174,33,162,-1,174,156,169,-1,174,34,33,-1,174,35,34,-1,175,170,20,-1,175,20,21,-1,175,163,157,-1,175,157,170,-1,
  176,164,158,-1,176,158,171,-1,177,166,172,-1,178,167,173,-1,179,21,22,-1,179,175,21,-1,179,163,175,-1,179,168,163,-1,
  180,164,176,-1,180,174,169,-1,180,169,164,-1,181,171,166,-1,181,166,177,-1,182,172,167,-1,182,167,178,-1,183,22,23,-1,
  183,23,24,-1,183,179,22,-1,183,173,168,-1,183,168,179,-1,184,35,174,-1,184,174,180,-1,185,180,176,-1,185,176,171,-1,
  185,171,181,-1,186,177,172,-1,186,172,182,-1,187,178,173,-1,187,183,24,-1,187,173,183,-1,188,180,185,-1,189,177,186,-1,
  189,181,177,-1,190,24,25,-1,190,25,26,-1,190,178,187,-1,190,182,178,-1,190,187,24,-1,191,36,35,-1,191,35,184,-1,
  191,184,180,-1,191,180,188,-1,192,185,181,-1,192,181,189,-1,193,182,190,-1,193,189,186,-1,193,186,182,-1,193,190,26,-1,
  194,185,192,-1,194,188,185,-1,195,189,193,-1,195,26,27,-1,195,193,26,-1,196,191,188,-1,196,37,36,-1,196,188,194,-1,
  196,36,191,-1,197,192,189,-1,197,195,27,-1,197,27,28,-1,197,28,29,-1,197,189,195,-1,197,194,192,-1,198,197,29,-1,
  198,194,197,-1,199,37,196,-1,199,198,29,-1,199,194,198,-1,199,29,30,-1,199,38,37,-1,199,196,194,-1,199,30,38,-1]
  normalPerVertex TRUE
  normal DEF NORM_13 Normal { vector [
  0.98531609 -0.12971932 -0.11101846,0.95752916 -0.13043374 -0.25714772,
  0.87630115 -0.13043374 -0.46377077,0.75113175 -0.13043374 -0.64713842,
  0.58829746 -0.13043374 -0.79805585,0.39596348 -0.13043374 -0.90895542,
  0.18377424 -0.13043374 -0.97427618,0.11101846 -0.12971932 -0.98531609,
  0.10813296 -0.25936582 -0.95970654,0.094460929 -0.53686409 -0.83836393,
  0.07567167 -0.73703527 -0.67160465,0.051662269 -0.88718358 -0.45851532,
  0.024061321 -0.97663575 -0.21355013,-0.0052153291 -0.99891455 0.046287326,
  -0.034112001 -0.95245859 0.30275238,-0.060609559 -0.8408112 0.53792472,
  -0.08289572 -0.67219386 0.73571986,-0.099496411 -0.45860026 0.88305507,
  -0.1093539 -0.2146826 0.97054269,-0.11196448 0 0.99371221,
  -0.10822674 0.25622654 0.96053888,-0.094660557 0.53405188 0.84013568,
  -0.076019631 0.73417336 0.67469288,-0.056247282 0.86465437 0.49920843,
  -0.029698756 0.96417923 0.26358375,0 1 0,
  0.028497483 0.96706684 -0.25292216,0.06021426 0.84307379 -0.53441634,
  0.079420135 0.7048732 -0.7048732,0.096895429 0.50106051 -0.85997072,
  0.10933613 0.21540317 -0.97038502,0.11101846 0.12971932 -0.98531609,
  0.98531609 0.12971932 -0.11101846,0.95752916 0.13043374 -0.25714772,
  0.89326095 0.13052619 -0.4301718,0.77514281 0.13052619 -0.61815576,
  0.58829746 0.13043374 -0.79805585,0.39596348 0.13043374 -0.90895542,
  0.18377424 0.13043374 -0.97427618,0.96025556 0.2572997 -0.10819482,
  0.88208283 0.46049119 -0.099386865,0.73350885 0.67463642 -0.082646599,
  0.53441634 0.84307379 -0.06021426,0.29822436 0.95390416 -0.033601815,
  0.041249833 0.99913805 -0.00464774,-0.21848129 0.97553059 0.024616929,
  -0.46274684 0.88495586 0.052139047,-0.67469288 0.73417336 0.076019631,
  -0.84013568 0.53405188 0.094660557,-0.94841106 0.2984918 0.10686026,
  -0.9927794 0.043319171 0.11185937,-0.97054269 -0.2146826 0.1093539,
  -0.88305507 -0.45860026 0.099496411,-0.73571986 -0.67219386 0.08289572,
  -0.53792472 -0.8408112 0.060609559,-0.30275238 -0.95245859 0.034112001,
  -0.046287326 -0.99891455 0.0052153291,0.21355013 -0.97663575 -0.024061321,
  0.45851532 -0.88718358 -0.051662269,0.67160465 -0.73703527 -0.07567167,
  0.83836393 -0.53686409 -0.094460929,0.94777365 -0.30053509 -0.10678844,
  0.94136776 -0.26020726 -0.21475318,0.84313624 -0.5022923 -0.19189511,
  0.6872804 -0.70956991 -0.15542265,0.86997862 -0.26020726 -0.4188429,
  0.48472748 -0.86797855 -0.10794682,0.77929637 -0.5022923 -0.37469936,
  0.24942905 -0.96694551 -0.052929579,0.63546405 -0.70956991 -0.30446016,
  0.75496513 -0.26020726 -0.60193009,-0.002590778 -0.99998061 0.0056629463,
  0.44855392 -0.86797855 -0.21310237,0.67637933 -0.5022923 -0.53871462,
  -0.25427085 -0.96503356 0.063691184,0.2313974 -0.96694551 -0.10710571,
  0.55178288 -0.70956991 -0.43823076,0.60209453 -0.26020726 -0.75483399,
  -0.4886136 -0.86460155 0.11713627,-0.0012656977 -0.99998061 0.0060974668,
  0.389888 -0.86797855 -0.30757209,0.53954581 -0.5022923 -0.67571648,
  -0.68979834 -0.70556175 0.16236029,-0.23372312 -0.96503356 0.1186749,
  0.20176252 -0.96694551 -0.15591111,0.44043302 -0.70956991 -0.55002664,
  -0.84423377 -0.49872091 0.19633335,0.4190324 -0.26020726 -0.86988737,
  -0.45029777 -0.86460155 0.22292617,0.00012285001 -0.99998061 0.0062262348,
  0.31167146 -0.86797855 -0.38661886,-0.94147375 -0.25810055 0.21682087,
  0.37565721 -0.5022923 -0.7788351,-0.63637509 -0.70556175 0.31178415,
  -0.20145555 -0.96503356 0.16770776,0.16201043 -0.96694551 -0.19689848,
  -0.97492791 0 0.22252093,0.306998 -0.70956991 -0.63424189,
  -0.77937879 -0.49872091 0.37927055,0.2379699 -0.23359123 -0.9427648,
  -0.38940212 -0.86460155 0.31753763,0.0015052375 -0.99998061 0.0060427934,
  -0.94231359 0.25810055 0.2131413,0.21782642 -0.86797855 -0.44627894,
  -0.86962185 -0.25810055 0.42088234,0.19725855 -0.46278249 -0.86424616,
  -0.55104134 -0.70556175 0.44557385,-0.15908615 -0.96503356 0.20833105,
  -0.8458142 0.49872091 0.18940907,0.129774 -0.95928145 -0.25087408,
  -0.90096887 0 0.43388374,0.16378138 -0.67695233 -0.71757313,
  -0.6754425 -0.49872091 0.54318954,-0.30898023 -0.86460155 0.39622642,
  -0.69193232 0.70556175 0.15301072,0.0082227027 -0.9998977 -0.011703587,
  -0.87125942 0.25810055 0.4174819,0.119135 -0.84460635 -0.52196452,
  -0.75416349 -0.25810055 0.603839,-0.43807607 -0.70556175 0.55702062,
  -0.49104917 0.86460155 0.10646537,-0.10873951 -0.96503356 0.23850776,
  -0.78246038 0.49872091 0.37287156,0.062858303 -0.96223701 -0.26485612,
  -0.78183148 0 0.6234898,-0.5376367 -0.49872091 0.67987074,
  -0.25672468 0.96503356 0.052940211,-0.21306478 -0.86460155 0.45504676,
  -0.64053605 0.70556175 0.30314384,0.0027575437 -0.99969667 -0.024473877,
  -0.75651666 0.25810055 0.60088821,-0.60088821 -0.25810055 0.75651666,
  -0.028105716 0.99959994 0.0031667536,-0.30314384 -0.70556175 0.64053605,
  -0.47804297 0.85183141 0.21414522,-0.048631397 -0.97582631 0.21306807,
  -0.67987074 0.49872091 0.5376367,-0.64060841 -0.026135278 0.76742284,
  0.22872649 0.97176538 -0.057933045,-0.38575569 -0.52179846 0.76086721,
  -0.25217858 0.9597564 0.12358645,-0.10311111 -0.88616119 0.45175928,
  -0.55702062 0.70556175 0.43807607,-0.59378961 0.23978907 0.76805931,
  0.48356073 0.86797855 -0.11305865,-0.40226814 -0.27593653 0.87294867,
  -0.0035961464 0.99999274 0.001258346,-0.15056899 -0.73630399 0.65968584,
  -0.38710786 0.87351166 0.29516924,-0.54318954 0.49872091 0.6754425,
  0.6866536 0.70956991 -0.15816882,-0.44817904 0.018709938 0.893748,
  0.22565911 0.96691099 -0.11900043,-0.2058958 -0.51451031 0.83239778,
  -0.18196592 0.97200214 0.14866149,-0.44557385 0.70556175 0.55104134,
  0.84289967 0.5022923 -0.19293158,-0.39745008 0.2835829 0.87270509,
  0.44627894 0.86797855 -0.21782642,-0.19329003 -0.2835829 0.93926551,
  -0.0032259751 0.99999274 0.0020270145,-0.3377877 0.85183141 0.40035325,
  0.94885804 0.26003292 -0.17902876,-0.37927055 0.49872091 0.77937879,
  0.63424189 0.70956991 -0.306998,-0.20684228 -0.018709938 0.97819538,
  0.19352127 0.96691099 -0.16623071,-0.1735829 0.9597564 0.22076373,
  -0.31178415 0.70556175 0.63637509,0.77554476 0.52384256 -0.35230569,
  -0.23844079 0.23306937 0.94277498,0.38661886 0.86797855 -0.31167146,
  0.0069768702 0.9998977 -0.012486395,-0.220703 0.87351166 0.4338981,
  0.86976563 0.2608956 -0.41885705,-0.19747814 0.46088722 0.86520827,
  0.54621084 0.72667814 -0.41664445,0.1697229 0.95928145 -0.22577252,
  -0.099443821 0.97200214 0.21289143,-0.16427848 0.67451539 0.71975105,
  0.67553085 0.50342936 -0.53871787,0.30757209 0.86797855 -0.389888,
  -0.0060974668 0.99998061 0.0012656977,-0.10990435 0.85471487 0.50732979,
  0.75519122 0.25881905 -0.6022449,0.45571978 0.69666606 -0.55405404,
  0.10327346 0.97285193 -0.20710799,-0.072525762 0.95830079 0.27640479,
  0.53178002 0.47780838 -0.69922039,0.19996138 0.87755706 -0.43578557,
  -0.0070668984 0.99972481 0.022368866,0.63022449 0.26003292 -0.73157363,
  0.31134371 0.72667814 -0.61237568,0.065802964 0.96691099 -0.24648145,
  0.35812619 0.51901713 -0.77612296,0.096637142 0.87979615 -0.46542453,
  0.45163299 0.26003292 -0.8534697,0.15652154 0.71079285 -0.68576566,
  0.19270878 0.5 -0.84431234,0.22891988 0.27874744 -0.93268191] }
}
}
DEF SHAPE_14 Shape {
 appearance USE APP_2
 geometry DEF FACE_14 IndexedFaceSet {
  coord DEF COORD_14 Coordinate { point [
  0.35433071 0 3.503937,1.6456693 0 3.503937,
  1.6456693 0 3.503937,1.6456693 0.030569179 3.5079615,
  1.6456693 0.059055118 3.5197608,1.6456693 0.083516549 3.5385307,
  1.6456693 0.10228647 3.5629921,1.6456693 0.11408573 3.5914781,
  1.6456693 0.11811024 3.6220472,1.6456693 0.11408573 3.6526164,
  1.6456693 0.10228647 3.6811024,1.6456693 0.083516549 3.7055638,
  1.6456693 0.059055118 3.7243337,1.6456693 0.030569179 3.736133,
  1.6456693 0 3.7401575,1.6456693 -0.030569179 3.736133,
  1.6456693 -0.059055118 3.7243337,1.6456693 -0.083516549 3.7055638,
  1.6456693 -0.10228647 3.6811024,1.6456693 -0.11408573 3.6526164,
  1.6456693 -0.11811024 3.6220472,1.6456693 -0.11408573 3.5914781,
  1.6456693 -0.10228647 3.5629921,1.6456693 -0.083516549 3.5385307,
  1.6456693 -0.059055118 3.5197608,1.6456693 -0.030569179 3.5079615,
  0.35433071 0 3.503937,0.35433071 -0.030569179 3.5079615,
  0.35433071 -0.059055118 3.5197608,0.35433071 -0.083516549 3.5385307,
  0.35433071 -0.10228647 3.5629921,0.35433071 -0.11408573 3.5914781,
  0.35433071 -0.11811024 3.6220472,0.35433071 -0.11408573 3.6526164,
  0.35433071 -0.10228647 3.6811024,0.35433071 -0.083516549 3.7055638,
  0.35433071 -0.059055118 3.7243337,0.35433071 -0.030569179 3.736133,
  0.35433071 0 3.7401575,0.35433071 0.030569179 3.736133,
  0.35433071 0.059055118 3.7243337,0.35433071 0.083516549 3.7055638,
  0.35433071 0.10228647 3.6811024,0.35433071 0.11408573 3.6526164,
  0.35433071 0.11811024 3.6220472,0.35433071 0.11408573 3.5914781,
  0.35433071 0.10228647 3.5629921,0.35433071 0.083516549 3.5385307,
  0.35433071 0.059055118 3.5197608,0.35433071 0.030569179 3.5079615] }
 coordIndex [
  3,2,26,-1,3,26,49,-1,4,49,48,-1,4,3,49,-1,5,48,47,-1,5,4,48,-1,6,47,46,-1,6,5,47,-1,
  7,46,45,-1,7,6,46,-1,8,45,44,-1,8,7,45,-1,9,44,43,-1,9,8,44,-1,10,43,42,-1,10,9,43,-1,
  11,42,41,-1,11,10,42,-1,12,41,40,-1,12,11,41,-1,13,40,39,-1,13,12,40,-1,14,13,39,-1,14,38,37,-1,
  14,39,38,-1,15,14,37,-1,16,15,37,-1,16,37,36,-1,17,16,36,-1,17,35,34,-1,17,36,35,-1,18,17,34,-1,
  19,18,34,-1,19,34,33,-1,20,19,33,-1,20,33,32,-1,21,20,32,-1,21,32,31,-1,22,21,31,-1,22,30,29,-1,
  22,31,30,-1,23,22,29,-1,24,28,27,-1,24,29,28,-1,24,23,29,-1,25,24,27,-1,1,27,0,-1,1,25,27,-1]
  normalPerVertex TRUE
  normal DEF NORM_14 Normal { vector [
  0 -0.13052619 -0.99144486,0 -0.13052619 -0.99144486,
  0 0.13052619 -0.99144486,0 0.21622209 -0.9763442,
  0 0.46155098 -0.88711369,0 0.67542593 -0.73742784,
  0 0.84327172 -0.5374875,0 0.95364993 -0.30091828,
  0 0.99903848 -0.04384197,0 0.9763442 0.21622209,
  0 0.88711369 0.46155098,0 0.73742784 0.67542593,
  0 0.5374875 0.84327172,0 0.30091828 0.95364993,
  0 0 1,0 -0.25881905 0.96592583,
  0 -0.46155098 0.88711369,0 -0.70710678 0.70710678,
  0 -0.8660254 0.5,0 -0.95364993 0.30091828,
  0 -0.99903848 0.04384197,0 -0.9763442 -0.21622209,
  0 -0.8660254 -0.5,0 -0.70710678 -0.70710678,
  0 -0.5 -0.8660254,0 -0.25881905 -0.96592583,
  0 0.13052619 -0.99144486,0 -0.25881905 -0.96592583,
  0 -0.5 -0.8660254,0 -0.70710678 -0.70710678,
  0 -0.8660254 -0.5,0 -0.95364993 -0.30091828,
  0 -0.99903848 -0.04384197,0 -0.9763442 0.21622209,
  0 -0.8660254 0.5,0 -0.70710678 0.70710678,
  0 -0.5374875 0.84327172,0 -0.25881905 0.96592583,
  0 0 1,0 0.21622209 0.9763442,
  0 0.46155098 0.88711369,0 0.67542593 0.73742784,
  0 0.84327172 0.5374875,0 0.95364993 0.30091828,
  0 0.99903848 0.04384197,0 0.9763442 -0.21622209,
  0 0.88711369 -0.46155098,0 0.73742784 -0.67542593,
  0 0.5374875 -0.84327172,0 0.30091828 -0.95364993] }
}
}
DEF SHAPE_15 Shape {
 appearance USE APP_2
 geometry DEF FACE_15 IndexedFaceSet {
  coord DEF COORD_15 Coordinate { point [
  1.6456693 0 3.503937,1.6982333 0 3.4980145,
  1.7481615 0 3.4805438,1.7929503 0 3.4524011,
  1.8303539 0 3.4149976,1.8584966 0 3.3702088,
  1.8759672 0 3.3202805,1.8818898 0 3.2677165,
  1.8859143 -0.030569179 3.2677165,1.8977135 -0.059055118 3.2677165,
  1.9164835 -0.083516549 3.2677165,1.9409449 -0.10228647 3.2677165,
  1.9694308 -0.11408573 3.2677165,2 -0.11811024 3.2677165,
  2.0305692 -0.11408573 3.2677165,2.0590551 -0.10228647 3.2677165,
  2.0835165 -0.083516549 3.2677165,2.1022865 -0.059055118 3.2677165,
  2.1140857 -0.030569179 3.2677165,2.1181102 0 3.2677165,
  2.1140857 0.030569179 3.2677165,2.1022865 0.059055118 3.2677165,
  2.0835165 0.083516549 3.2677165,2.0590551 0.10228647 3.2677165,
  2.0305692 0.11408573 3.2677165,2 0.11811024 3.2677165,
  1.9694308 0.11408573 3.2677165,1.9409449 0.10228647 3.2677165,
  1.9164835 0.083516549 3.2677165,1.8977135 0.059055118 3.2677165,
  1.8859143 0.030569179 3.2677165,1.8818898 0 3.2677165,
  1.6456693 0 3.503937,1.6982333 0 3.4980145,
  1.7481615 0 3.4805438,1.7929503 0 3.4524011,
  1.8303539 0 3.4149976,1.8584966 0 3.3702088,
  1.8759672 0 3.3202805,1.6456693 0.030569179 3.5079615,
  1.6456693 0.059055118 3.5197608,1.6456693 0.083516549 3.5385307,
  1.6456693 0.10228647 3.5629921,1.6456693 0.11408573 3.5914781,
  1.6456693 0.11811024 3.6220472,1.6456693 0.11408573 3.6526164,
  1.6456693 0.10228647 3.6811024,1.6456693 0.083516549 3.7055638,
  1.6456693 0.059055118 3.7243337,1.6456693 0.030569179 3.736133,
  1.6456693 0 3.7401575,1.6456693 -0.030569179 3.736133,
  1.6456693 -0.059055118 3.7243337,1.6456693 -0.083516549 3.7055638,
  1.6456693 -0.10228647 3.6811024,1.6456693 -0.11408573 3.6526164,
  1.6456693 -0.11811024 3.6220472,1.6456693 -0.11408573 3.5914781,
  1.6456693 -0.10228647 3.5629921,1.6456693 -0.083516549 3.5385307,
  1.6456693 -0.059055118 3.5197608,1.6456693 -0.030569179 3.5079615,
  1.6991288 -0.030569179 3.5019381,1.7017544 -0.059055118 3.5134415,
  1.7059311 -0.083516549 3.5317408,1.7499077 -0.030569179 3.4841698,
  1.7113743 -0.10228647 3.555589,1.7550272 -0.059055118 3.4948006,
  1.717713 -0.11408573 3.5833607,1.7631712 -0.083516549 3.5117117,
  1.7954596 -0.030569179 3.4555476,1.7245153 -0.11811024 3.6131634,
  1.7737846 -0.10228647 3.5337506,1.8028163 -0.059055118 3.4647727,
  1.7313176 -0.11408573 3.6429662,1.7861442 -0.11408573 3.5594156,
  1.8145192 -0.083516549 3.4794476,1.8335004 -0.030569179 3.4175068,
  1.7376563 -0.10228647 3.6707379,1.7994076 -0.11811024 3.5869575,
  1.8297706 -0.10228647 3.4985723,1.8427254 -0.059055118 3.4248636,
  1.7430995 -0.083516549 3.694586,1.8126711 -0.11408573 3.6144994,
  1.8475313 -0.11408573 3.5208435,1.8574003 -0.083516549 3.4365664,
  1.7472762 -0.059055118 3.7128854,1.8621225 -0.030569179 3.3719549,
  1.8250307 -0.10228647 3.6401643,1.8665909 -0.11811024 3.5447434,
  1.876525 -0.10228647 3.4518179,1.7499018 -0.030569179 3.7243888,
  1.8727533 -0.059055118 3.3770744,1.8356441 -0.083516549 3.6622033,
  1.8856504 -0.11408573 3.5686434,1.8987962 -0.11408573 3.4695785,
  1.7507973 0 3.7283124,1.8896644 -0.083516549 3.3852184,
  1.8437881 -0.059055118 3.6791144,1.8798908 -0.030569179 3.3211761,
  1.9034111 -0.10228647 3.5909146,1.9226962 -0.11811024 3.4886381,
  1.7499018 0.030569179 3.7243888,1.9117034 -0.10228647 3.3958318,
  1.8489076 -0.030569179 3.6897452,1.8913943 -0.059055118 3.3238017,
  1.9186626 -0.083516549 3.6100393,1.9465961 -0.11408573 3.5076977,
  1.7472762 0.059055118 3.7128854,1.9373684 -0.11408573 3.4081914,
  1.8506537 0 3.6933711,1.9096936 -0.083516549 3.3279784,
  1.9303654 -0.059055118 3.6247142,1.9688673 -0.10228647 3.5254584,
  1.7430995 0.083516549 3.694586,1.9649102 -0.11811024 3.4214549,
  1.8489076 0.030569179 3.6897452,1.9335417 -0.10228647 3.3334215,
  1.9377222 -0.030569179 3.6339393,1.9879921 -0.083516549 3.5407098,
  1.7376563 0.10228647 3.6707379,1.9924521 -0.11408573 3.4347183,
  1.8437881 0.059055118 3.6791144,1.9613134 -0.11408573 3.3397603,
  1.9402314 0 3.6370857,2.002667 -0.059055118 3.5524127,
  1.7313176 0.11408573 3.6429662,2.0181171 -0.10228647 3.4470779,
  1.8356441 0.083516549 3.6622033,1.9911162 -0.11811024 3.3465625,
  1.9377222 0.030569179 3.6339393,2.011892 -0.030569179 3.5597694,
  1.7245153 0.11811024 3.6131634,2.040156 -0.083516549 3.4576913,
  1.8250307 0.10228647 3.6401643,2.0209189 -0.11408573 3.3533648,
  1.9303654 0.059055118 3.6247142,2.0150385 0 3.5622786,
  1.717713 0.11408573 3.5833607,2.0570671 -0.059055118 3.4658353,
  1.8126711 0.11408573 3.6144994,2.0486907 -0.10228647 3.3597035,
  1.9186626 0.083516549 3.6100393,2.011892 0.030569179 3.5597694,
  1.7113743 0.10228647 3.555589,2.0676979 -0.030569179 3.4709548,
  1.7994076 0.11811024 3.5869575,2.0725388 -0.083516549 3.3651467,
  1.9034111 0.10228647 3.5909146,2.002667 0.059055118 3.5524127,
  1.7059311 0.083516549 3.5317408,2.0713239 0 3.472701,
  1.7861442 0.11408573 3.5594156,2.0908381 -0.059055118 3.3693234,
  1.8856504 0.11408573 3.5686434,1.9879921 0.083516549 3.5407098,
  1.7017544 0.059055118 3.5134415,2.0676979 0.030569179 3.4709548,
  1.7737846 0.10228647 3.5337506,2.1023415 -0.030569179 3.371949,
  1.8665909 0.11811024 3.5447434,1.9688673 0.10228647 3.5254584,
  1.6991288 0.030569179 3.5019381,2.0570671 0.059055118 3.4658353,
  1.7631712 0.083516549 3.5117117,2.1062652 0 3.3728445,
  1.8475313 0.11408573 3.5208435,1.9465961 0.11408573 3.5076977,
  2.040156 0.083516549 3.4576913,1.7550272 0.059055118 3.4948006,
  2.1023415 0.030569179 3.371949,1.8297706 0.10228647 3.4985723,
  1.9226962 0.11811024 3.4886381,2.0181171 0.10228647 3.4470779,
  1.7499077 0.030569179 3.4841698,2.0908381 0.059055118 3.3693234,
  1.8145192 0.083516549 3.4794476,1.8987962 0.11408573 3.4695785,
  1.9924521 0.11408573 3.4347183,2.0725388 0.083516549 3.3651467,
  1.8028163 0.059055118 3.4647727,1.876525 0.10228647 3.4518179,
  1.9649102 0.11811024 3.4214549,2.0486907 0.10228647 3.3597035,
  1.7954596 0.030569179 3.4555476,1.8574003 0.083516549 3.4365664,
  1.9373684 0.11408573 3.4081914,2.0209189 0.11408573 3.3533648,
  1.8427254 0.059055118 3.4248636,1.9117034 0.10228647 3.3958318,
  1.9911162 0.11811024 3.3465625,1.8335004 0.030569179 3.4175068,
  1.8896644 0.083516549 3.3852184,1.9613134 0.11408573 3.3397603,
  1.8727533 0.059055118 3.3770744,1.9335417 0.10228647 3.3334215,
  1.8621225 0.030569179 3.3719549,1.9096936 0.083516549 3.3279784,
  1.8913943 0.059055118 3.3238017,1.8798908 0.030569179 3.3211761] }
 coordIndex [
  62,0,1,-1,62,61,0,-1,63,60,61,-1,63,61,62,-1,64,60,63,-1,64,59,60,-1,65,1,2,-1,65,62,1,-1,
  66,58,59,-1,66,59,64,-1,67,62,65,-1,67,63,62,-1,68,57,58,-1,68,58,66,-1,69,64,63,-1,69,63,67,-1,
  70,2,3,-1,70,65,2,-1,71,57,68,-1,71,56,57,-1,72,66,64,-1,72,64,69,-1,73,67,65,-1,73,65,70,-1,
  74,56,71,-1,74,55,56,-1,75,66,72,-1,75,68,66,-1,76,67,73,-1,76,69,67,-1,77,3,4,-1,77,70,3,-1,
  78,55,74,-1,78,54,55,-1,79,71,68,-1,79,68,75,-1,80,69,76,-1,80,72,69,-1,81,70,77,-1,81,73,70,-1,
  82,53,54,-1,82,54,78,-1,83,71,79,-1,83,74,71,-1,84,75,72,-1,84,72,80,-1,85,73,81,-1,85,76,73,-1,
  86,53,82,-1,86,52,53,-1,87,4,5,-1,87,77,4,-1,88,78,74,-1,88,74,83,-1,89,79,75,-1,89,75,84,-1,
  90,80,76,-1,90,76,85,-1,91,51,52,-1,91,52,86,-1,92,81,77,-1,92,77,87,-1,93,82,78,-1,93,78,88,-1,
  94,79,89,-1,94,83,79,-1,95,80,90,-1,95,84,80,-1,96,51,91,-1,96,50,51,-1,97,81,92,-1,97,85,81,-1,
  98,82,93,-1,98,86,82,-1,99,5,6,-1,99,6,7,-1,99,7,8,-1,99,87,5,-1,100,83,94,-1,100,88,83,-1,
  101,84,95,-1,101,89,84,-1,102,50,96,-1,102,49,50,-1,103,90,85,-1,103,85,97,-1,104,91,86,-1,104,86,98,-1,
  105,92,87,-1,105,8,9,-1,105,87,99,-1,105,99,8,-1,106,93,88,-1,106,88,100,-1,107,89,101,-1,107,94,89,-1,
  108,49,102,-1,108,48,49,-1,109,95,90,-1,109,90,103,-1,110,91,104,-1,110,96,91,-1,111,92,105,-1,111,9,10,-1,
  111,105,9,-1,111,97,92,-1,112,98,93,-1,112,93,106,-1,113,100,94,-1,113,94,107,-1,114,47,48,-1,114,48,108,-1,
  115,95,109,-1,115,101,95,-1,116,96,110,-1,116,102,96,-1,117,10,11,-1,117,103,97,-1,117,111,10,-1,117,97,111,-1,
  118,98,112,-1,118,104,98,-1,119,106,100,-1,119,100,113,-1,120,46,47,-1,120,47,114,-1,121,107,101,-1,121,101,115,-1,
  122,108,102,-1,122,102,116,-1,123,11,12,-1,123,109,103,-1,123,117,11,-1,123,103,117,-1,124,110,104,-1,124,104,118,-1,
  125,112,106,-1,125,106,119,-1,126,45,46,-1,126,46,120,-1,127,107,121,-1,127,113,107,-1,127,119,113,-1,128,108,122,-1,
  128,114,108,-1,129,12,13,-1,129,115,109,-1,129,109,123,-1,129,123,12,-1,130,110,124,-1,130,116,110,-1,131,118,112,-1,
  131,112,125,-1,132,45,126,-1,132,44,45,-1,133,119,127,-1,134,114,128,-1,134,120,114,-1,135,13,14,-1,135,115,129,-1,
  135,121,115,-1,135,129,13,-1,136,116,130,-1,136,122,116,-1,137,118,131,-1,137,124,118,-1,138,44,132,-1,138,43,44,-1,
  139,125,119,-1,139,131,125,-1,139,119,133,-1,140,126,120,-1,140,120,134,-1,141,14,15,-1,141,127,121,-1,141,121,135,-1,
  141,135,14,-1,142,122,136,-1,142,128,122,-1,143,130,124,-1,143,124,137,-1,144,42,43,-1,144,43,138,-1,145,131,139,-1,
  146,126,140,-1,146,138,132,-1,146,132,126,-1,147,15,16,-1,147,141,15,-1,147,133,127,-1,147,127,141,-1,148,134,128,-1,
  148,128,142,-1,149,136,130,-1,149,130,143,-1,150,41,42,-1,150,42,144,-1,151,137,131,-1,151,143,137,-1,151,131,145,-1,
  152,138,146,-1,153,16,17,-1,153,133,147,-1,153,139,133,-1,153,147,16,-1,154,134,148,-1,154,140,134,-1,155,136,149,-1,
  155,142,136,-1,156,40,41,-1,156,41,150,-1,157,143,151,-1,158,144,138,-1,158,138,152,-1,159,17,18,-1,159,153,17,-1,
  159,145,139,-1,159,139,153,-1,160,146,140,-1,160,152,146,-1,160,140,154,-1,161,148,142,-1,161,142,155,-1,162,40,156,-1,
  162,33,32,-1,162,32,39,-1,162,39,40,-1,163,143,157,-1,163,149,143,-1,164,144,158,-1,164,150,144,-1,165,145,159,-1,
  165,18,19,-1,165,151,145,-1,165,159,18,-1,166,152,160,-1,167,148,161,-1,167,154,148,-1,168,149,163,-1,168,155,149,-1,
  169,156,150,-1,169,150,164,-1,170,157,151,-1,170,19,20,-1,170,165,19,-1,170,151,165,-1,171,152,166,-1,171,158,152,-1,
  172,160,154,-1,172,154,167,-1,173,161,155,-1,173,155,168,-1,174,33,162,-1,174,156,169,-1,174,162,156,-1,174,34,33,-1,
  174,35,34,-1,175,20,21,-1,175,157,170,-1,175,170,20,-1,175,163,157,-1,176,164,158,-1,176,158,171,-1,177,166,160,-1,
  177,160,172,-1,178,167,161,-1,178,161,173,-1,179,21,22,-1,179,175,21,-1,179,163,175,-1,179,168,163,-1,180,164,176,-1,
  180,169,164,-1,181,166,177,-1,181,171,166,-1,181,176,171,-1,182,167,178,-1,182,177,172,-1,182,172,167,-1,183,22,23,-1,
  183,173,168,-1,183,179,22,-1,183,168,179,-1,184,174,169,-1,184,35,174,-1,184,169,180,-1,185,176,181,-1,186,177,182,-1,
  187,23,24,-1,187,178,173,-1,187,173,183,-1,187,183,23,-1,188,180,176,-1,188,176,185,-1,188,184,180,-1,189,181,177,-1,
  189,177,186,-1,190,24,25,-1,190,178,187,-1,190,182,178,-1,190,187,24,-1,191,36,35,-1,191,37,36,-1,191,35,184,-1,
  191,184,188,-1,192,181,189,-1,192,185,181,-1,192,188,185,-1,193,182,190,-1,193,25,26,-1,193,26,27,-1,193,186,182,-1,
  193,190,25,-1,193,189,186,-1,194,188,192,-1,195,189,193,-1,195,193,27,-1,196,37,191,-1,196,191,188,-1,196,188,194,-1,
  197,192,189,-1,197,195,27,-1,197,27,28,-1,197,189,195,-1,197,194,192,-1,198,194,197,-1,198,197,28,-1,198,28,29,-1,
  199,196,194,-1,199,194,198,-1,199,198,29,-1,199,29,30,-1,199,30,31,-1,199,38,37,-1,199,31,38,-1,199,37,196,-1]
  normalPerVertex TRUE
  normal DEF NORM_15 Normal { vector [
  -0.11101846 -0.12971932 -0.98531609,-0.25714772 -0.13043374 -0.95752916,
  -0.46377077 -0.13043374 -0.87630115,-0.64713842 -0.13043374 -0.75113175,
  -0.79805585 -0.13043374 -0.58829746,-0.90895542 -0.13043374 -0.39596348,
  -0.96658727 -0.13052619 -0.22061724,-0.98531609 -0.12971932 -0.11101846,
  -0.94777365 -0.30053509 -0.10678844,-0.83836393 -0.53686409 -0.094460929,
  -0.67160465 -0.73703527 -0.07567167,-0.45851532 -0.88718358 -0.051662269,
  -0.21355013 -0.97663575 -0.024061321,0.046287326 -0.99891455 0.0052153291,
  0.30275238 -0.95245859 0.034112001,0.53792472 -0.8408112 0.060609559,
  0.73571986 -0.67219386 0.08289572,0.88305507 -0.45860026 0.099496411,
  0.97054269 -0.2146826 0.1093539,0.9927794 0.043319171 0.11185937,
  0.94841106 0.2984918 0.10686026,0.84013568 0.53405188 0.094660557,
  0.67469288 0.73417336 0.076019631,0.46274684 0.88495586 0.052139047,
  0.21848129 0.97553059 0.024616929,-0.041249833 0.99913805 -0.00464774,
  -0.25870906 0.96551537 -0.029149511,-0.49413005 0.86760347 -0.055675086,
  -0.73350885 0.67463642 -0.082646599,-0.88208283 0.46049119 -0.099386865,
  -0.96025556 0.2572997 -0.10819482,-0.98531609 0.12971932 -0.11101846,
  -0.11101846 0.12971932 -0.98531609,-0.25714772 0.13043374 -0.95752916,
  -0.4301718 0.13052619 -0.89326095,-0.61815576 0.13052619 -0.77514281,
  -0.77514281 0.13052619 -0.61815576,-0.89326095 0.13052619 -0.4301718,
  -0.96658727 0.13052619 -0.22061724,-0.10819482 0.2572997 -0.96025556,
  -0.099386865 0.46049119 -0.88208283,-0.082646599 0.67463642 -0.73350885,
  -0.06021426 0.84307379 -0.53441634,-0.033601815 0.95390416 -0.29822436,
  -0.00464774 0.99913805 -0.041249833,0.024616929 0.97553059 0.21848129,
  0.052139047 0.88495586 0.46274684,0.076019631 0.73417336 0.67469288,
  0.094660557 0.53405188 0.84013568,0.10686026 0.2984918 0.94841106,
  0.11185937 0.043319171 0.9927794,0.1093539 -0.2146826 0.97054269,
  0.099496411 -0.45860026 0.88305507,0.08289572 -0.67219386 0.73571986,
  0.060609559 -0.8408112 0.53792472,0.034112001 -0.95245859 0.30275238,
  0.0052153291 -0.99891455 0.046287326,-0.024061321 -0.97663575 -0.21355013,
  -0.051662269 -0.88718358 -0.45851532,-0.07567167 -0.73703527 -0.67160465,
  -0.094460929 -0.53686409 -0.83836393,-0.10678844 -0.30053509 -0.94777365,
  -0.21475318 -0.26020726 -0.94136776,-0.19189511 -0.5022923 -0.84313624,
  -0.15542265 -0.70956991 -0.6872804,-0.4188429 -0.26020726 -0.86997862,
  -0.10794682 -0.86797855 -0.48472748,-0.37469936 -0.5022923 -0.77929637,
  -0.052929579 -0.96694551 -0.24942905,-0.30446016 -0.70956991 -0.63546405,
  -0.60193009 -0.26020726 -0.75496513,0.0056629463 -0.99998061 0.002590778,
  -0.21310237 -0.86797855 -0.44855392,-0.53871462 -0.5022923 -0.67637933,
  0.063691184 -0.96503356 0.25427085,-0.10710571 -0.96694551 -0.2313974,
  -0.43823076 -0.70956991 -0.55178288,-0.75483399 -0.26020726 -0.60209453,
  0.11713627 -0.86460155 0.4886136,0.0060974668 -0.99998061 0.0012656977,
  -0.30757209 -0.86797855 -0.389888,-0.67571648 -0.5022923 -0.53954581,
  0.16236029 -0.70556175 0.68979834,0.1186749 -0.96503356 0.23372312,
  -0.15591111 -0.96694551 -0.20176252,-0.55002664 -0.70956991 -0.44043302,
  0.19633335 -0.49872091 0.84423377,-0.86988737 -0.26020726 -0.4190324,
  0.22292617 -0.86460155 0.45029777,0.0062262348 -0.99998061 -0.00012285001,
  -0.38661886 -0.86797855 -0.31167146,0.21682087 -0.25810055 0.94147375,
  -0.7788351 -0.5022923 -0.37565721,0.31178415 -0.70556175 0.63637509,
  0.16770776 -0.96503356 0.20145555,-0.19689848 -0.96694551 -0.16201043,
  0.22252093 0 0.97492791,-0.63424189 -0.70956991 -0.306998,
  0.37927055 -0.49872091 0.77937879,-0.95176141 -0.21670234 -0.21723333,
  0.31753763 -0.86460155 0.38940212,0.0060427934 -0.99998061 -0.0015052375,
  0.2131413 0.25810055 0.94231359,-0.44627894 -0.86797855 -0.21782642,
  0.42088234 -0.25810055 0.86962185,-0.86424616 -0.46278249 -0.19725855,
  0.44557385 -0.70556175 0.55104134,0.20833105 -0.96503356 0.15908615,
  0.18940907 0.49872091 0.8458142,-0.22801253 -0.96694551 -0.11413446,
  0.43388374 0 0.90096887,-0.71757313 -0.67695233 -0.16378138,
  0.54318954 -0.49872091 0.6754425,0.3688379 -0.87815386 0.30463814,
  0.15301072 0.70556175 0.69193232,0.0055563411 -0.99998061 -0.0028121461,
  0.4174819 0.25810055 0.87125942,-0.52196452 -0.84460635 -0.119135,
  0.603839 -0.25810055 0.75416349,0.55229707 -0.71830265 0.42309484,
  0.10646537 0.86460155 0.49104917,0.23850776 -0.96503356 0.10873951,
  0.37287156 0.49872091 0.78246038,-0.29091153 -0.95444314 -0.066398658,
  0.6234898 0 0.78183148,0.65595196 -0.52179846 0.54539287,
  0.052940211 0.96503356 0.25672468,0.46517065 -0.85471487 0.23038827,
  0.30314384 0.70556175 0.64053605,-0.040216048 -0.99914885 -0.0091790506,
  0.60088821 0.25810055 0.75651666,0.76154894 -0.27593653 0.58643179,
  0.0031667536 0.99959994 0.028105716,0.66215575 -0.68748102 0.29819392,
  0.21306478 0.86460155 0.45504676,0.21306807 -0.97582631 0.048631397,
  0.5376367 0.49872091 0.67987074,0.76742284 -0.026135278 0.64060841,
  -0.057933045 0.97176538 -0.22872649,0.78393128 -0.48208962 0.391205,
  0.10873951 0.96503356 0.23850776,0.45175928 -0.88616119 0.10311111,
  0.43807607 0.70556175 0.55702062,0.76805931 0.23978907 0.59378961,
  -0.11305865 0.86797855 -0.48356073,0.88575656 -0.23306937 0.40139007,
  0.001258346 0.99999274 0.0035961464,0.65968584 -0.73630399 0.15056899,
  0.30898023 0.86460155 0.39622642,0.6754425 0.49872091 0.54318954,
  -0.15816882 0.70956991 -0.6866536,0.893748 0.018709938 0.44817904,
  -0.11900043 0.96691099 -0.22565911,0.82276627 -0.5364608 0.18779103,
  0.15908615 0.96503356 0.20833105,0.55104134 0.70556175 0.44557385,
  -0.19293158 0.5022923 -0.84289967,0.87270509 0.2835829 0.39745008,
  -0.21782642 0.86797855 -0.44627894,0.9299573 -0.30021079 0.21225669,
  -0.010620835 0.9998977 -0.0095804298,0.38940212 0.86460155 0.31753763,
  -0.17902876 0.26003292 -0.94885804,0.77937879 0.49872091 0.37927055,
  -0.306998 0.70956991 -0.63424189,0.97400113 -0.043592757 0.2223094,
  -0.18234503 0.95928145 -0.21570671,0.20145555 0.96503356 0.16770776,
  0.63637509 0.70556175 0.31178415,-0.37565721 0.5022923 -0.7788351,
  0.95191792 0.21597785 0.21726905,-0.28900719 0.87979615 -0.37740373,
  0.019999495 0.99959994 0.019999495,0.45029777 0.86460155 0.22292617,
  -0.40677635 0.24212463 -0.88085678,0.86520827 0.46088722 0.19747814,
  -0.43974886 0.72322568 -0.53250874,-0.18790251 0.97176538 -0.1427049,
  0.23372312 0.96503356 0.1186749,0.71975105 0.67451539 0.16427848,
  -0.5160476 0.52384256 -0.67770484,-0.39606742 0.85891295 -0.32465236,
  -0.013725835 0.9998977 -0.0040234612,0.52540375 0.84235984 0.11991998,
  -0.5943257 0.3022635 -0.74526085,-0.55283834 0.70710678 -0.44087387,
  -0.2331879 0.96592583 -0.11229738,0.29533363 0.95301323 0.067407973,
  -0.67553085 0.50342936 -0.53871787,-0.43578557 0.87755706 -0.19996138,
  0.04512742 0.99892814 0.010300039,-0.76325339 0.21670234 -0.60867427,
  -0.62315295 0.70932226 -0.32945764,-0.24668106 0.96745976 -0.056303341,
  -0.79281988 0.50202445 -0.34555476,-0.48746396 0.8660254 -0.11126047,
  -0.85390214 0.28506749 -0.43541665,-0.67057368 0.72322568 -0.16515315,
  -0.83449563 0.52384256 -0.17089771,-0.94116326 0.2608956 -0.21481437] }
}
}
DEF SHAPE_16 Shape {
 appearance USE APP_2
 geometry DEF FACE_16 IndexedFaceSet {
  coord DEF COORD_16 Coordinate { point [
  1.8818898 0 3.2677165,1.8818898 0 -1.1811024,
  1.8818898 0 -1.1811024,1.8859143 0.030569179 -1.1811024,
  1.8977135 0.059055118 -1.1811024,1.9164835 0.083516549 -1.1811024,
  1.9409449 0.10228647 -1.1811024,1.9694308 0.11408573 -1.1811024,
  2 0.11811024 -1.1811024,2.0305692 0.11408573 -1.1811024,
  2.0590551 0.10228647 -1.1811024,2.0835165 0.083516549 -1.1811024,
  2.1022865 0.059055118 -1.1811024,2.1140857 0.030569179 -1.1811024,
  2.1181102 0 -1.1811024,2.1140857 -0.030569179 -1.1811024,
  2.1022865 -0.059055118 -1.1811024,2.0835165 -0.083516549 -1.1811024,
  2.0590551 -0.10228647 -1.1811024,2.0305692 -0.11408573 -1.1811024,
  2 -0.11811024 -1.1811024,1.9694308 -0.11408573 -1.1811024,
  1.9409449 -0.10228647 -1.1811024,1.9164835 -0.083516549 -1.1811024,
  1.8977135 -0.059055118 -1.1811024,1.8859143 -0.030569179 -1.1811024,
  1.8818898 0 3.2677165,1.8859143 -0.030569179 3.2677165,
  1.8977135 -0.059055118 3.2677165,1.9164835 -0.083516549 3.2677165,
  1.9409449 -0.10228647 3.2677165,1.9694308 -0.11408573 3.2677165,
  2 -0.11811024 3.2677165,2.0305692 -0.11408573 3.2677165,
  2.0590551 -0.10228647 3.2677165,2.0835165 -0.083516549 3.2677165,
  2.1022865 -0.059055118 3.2677165,2.1140857 -0.030569179 3.2677165,
  2.1181102 0 3.2677165,2.1140857 0.030569179 3.2677165,
  2.1022865 0.059055118 3.2677165,2.0835165 0.083516549 3.2677165,
  2.0590551 0.10228647 3.2677165,2.0305692 0.11408573 3.2677165,
  2 0.11811024 3.2677165,1.9694308 0.11408573 3.2677165,
  1.9409449 0.10228647 3.2677165,1.9164835 0.083516549 3.2677165,
  1.8977135 0.059055118 3.2677165,1.8859143 0.030569179 3.2677165] }
 coordIndex [
  3,2,26,-1,3,26,49,-1,4,49,48,-1,4,3,49,-1,5,48,47,-1,5,4,48,-1,6,47,46,-1,6,5,47,-1,
  7,46,45,-1,7,6,46,-1,8,45,44,-1,8,7,45,-1,9,44,43,-1,9,8,44,-1,10,43,42,-1,10,9,43,-1,
  11,42,41,-1,11,10,42,-1,12,41,40,-1,12,11,41,-1,13,40,39,-1,13,12,40,-1,14,13,39,-1,14,39,38,-1,
  15,14,38,-1,15,38,37,-1,16,15,37,-1,16,37,36,-1,17,16,36,-1,17,36,35,-1,18,17,35,-1,18,35,34,-1,
  19,18,34,-1,19,34,33,-1,20,19,33,-1,20,33,32,-1,21,32,31,-1,21,20,32,-1,22,21,31,-1,22,30,29,-1,
  22,31,30,-1,23,22,29,-1,24,29,28,-1,24,23,29,-1,25,28,27,-1,25,24,28,-1,1,27,0,-1,1,25,27,-1]
  normalPerVertex TRUE
  normal DEF NORM_16 Normal { vector [
  -0.99144486 -0.13052619 0,-0.99144486 -0.13052619 0,
  -0.99144486 0.13052619 0,-0.9763442 0.21622209 0,
  -0.88711369 0.46155098 0,-0.73742784 0.67542593 0,
  -0.5374875 0.84327172 0,-0.30091828 0.95364993 0,
  -0.04384197 0.99903848 0,0.21622209 0.9763442 0,
  0.46155098 0.88711369 0,0.67542593 0.73742784 0,
  0.84327172 0.5374875 0,0.95364993 0.30091828 0,
  0.99903848 0.04384197 0,0.9763442 -0.21622209 0,
  0.88711369 -0.46155098 0,0.73742784 -0.67542593 0,
  0.5374875 -0.84327172 0,0.30091828 -0.95364993 0,
  0.04384197 -0.99903848 0,-0.21622209 -0.9763442 0,
  -0.5 -0.8660254 0,-0.70710678 -0.70710678 0,
  -0.84327172 -0.5374875 0,-0.95364993 -0.30091828 0,
  -0.99144486 0.13052619 0,-0.9763442 -0.21622209 0,
  -0.88711369 -0.46155098 0,-0.70710678 -0.70710678 0,
  -0.5 -0.8660254 0,-0.30091828 -0.95364993 0,
  -0.04384197 -0.99903848 0,0.21622209 -0.9763442 0,
  0.46155098 -0.88711369 0,0.67542593 -0.73742784 0,
  0.84327172 -0.5374875 0,0.95364993 -0.30091828 0,
  0.99903848 -0.04384197 0,0.9763442 0.21622209 0,
  0.88711369 0.46155098 0,0.73742784 0.67542593 0,
  0.5374875 0.84327172 0,0.30091828 0.95364993 0,
  0.04384197 0.99903848 0,-0.21622209 0.9763442 0,
  -0.46155098 0.88711369 0,-0.67542593 0.73742784 0,
  -0.84327172 0.5374875 0,-0.95364993 0.30091828 0] }
}
}
DEF SHAPE_17 Shape {
 appearance USE APP_2
 geometry DEF FACE_17 IndexedFaceSet {
  coord DEF COORD_17 Coordinate { point [
  1.8818898 0 -1.1811024,1.8859143 0.030569179 -1.1811024,
  1.8977135 0.059055118 -1.1811024,1.9164835 0.083516549 -1.1811024,
  1.9409449 0.10228647 -1.1811024,1.9694308 0.11408573 -1.1811024,
  2 0.11811024 -1.1811024,2.0305692 0.11408573 -1.1811024,
  2.0590551 0.10228647 -1.1811024,2.0835165 0.083516549 -1.1811024,
  2.1022865 0.059055118 -1.1811024,2.1140857 0.030569179 -1.1811024,
  2.1181102 0 -1.1811024,2.1140857 -0.030569179 -1.1811024,
  2.1022865 -0.059055118 -1.1811024,2.0835165 -0.083516549 -1.1811024,
  2.0590551 -0.10228647 -1.1811024,2.0305692 -0.11408573 -1.1811024,
  2 -0.11811024 -1.1811024,1.9694308 -0.11408573 -1.1811024,
  1.9409449 -0.10228647 -1.1811024,1.9164835 -0.083516549 -1.1811024,
  1.8977135 -0.059055118 -1.1811024,1.8859143 -0.030569179 -1.1811024] }
 coordIndex [
  9,0,1,-1,9,1,2,-1,9,2,3,-1,9,3,4,-1,9,4,5,-1,9,5,6,-1,9,6,7,-1,9,7,8,-1,
  9,10,11,-1,9,11,12,-1,9,12,13,-1,9,13,14,-1,9,14,15,-1,9,15,16,-1,9,16,17,-1,9,17,18,-1,
  9,18,19,-1,9,19,20,-1,9,20,21,-1,9,21,22,-1,9,22,23,-1,9,23,0,-1]
  normalPerVertex TRUE
  normal DEF NORM_17 Normal { vector [
  0 0 -1,0 0 -1,
  0 0 -1,0 0 -1,
  0 0 -1,0 0 -1,
  0 0 -1,0 0 -1,
  0 0 -1,0 0 -1,
  0 0 -1,0 0 -1,
  0 0 -1,0 0 -1,
  0 0 -1,0 0 -1,
  0 0 -1,0 0 -1,
  0 0 -1,0 0 -1,
  0 0 -1,0 0 -1,
  0 0 -1,0 0 -1] }
}
}
] }
] }
] }
